-- phpMyAdmin SQL Dump
-- version 5.2.1
-- https://www.phpmyadmin.net/
--
-- Host: localhost
-- Generation Time: Nov 28, 2023 at 02:56 AM
-- Server version: 10.4.28-MariaDB
-- PHP Version: 8.2.4

SET SQL_MODE = "NO_AUTO_VALUE_ON_ZERO";
START TRANSACTION;
SET time_zone = "+00:00";


/*!40101 SET @OLD_CHARACTER_SET_CLIENT=@@CHARACTER_SET_CLIENT */;
/*!40101 SET @OLD_CHARACTER_SET_RESULTS=@@CHARACTER_SET_RESULTS */;
/*!40101 SET @OLD_COLLATION_CONNECTION=@@COLLATION_CONNECTION */;
/*!40101 SET NAMES utf8mb4 */;

--
-- Database: `vermicomposting`
--

-- --------------------------------------------------------

--
-- Table structure for table `activity_log`
--

CREATE TABLE `activity_log` (
  `id` bigint(20) UNSIGNED NOT NULL,
  `log_name` varchar(255) DEFAULT NULL,
  `description` text NOT NULL,
  `subject_type` varchar(255) DEFAULT NULL,
  `event` varchar(255) DEFAULT NULL,
  `subject_id` bigint(20) UNSIGNED DEFAULT NULL,
  `causer_type` varchar(255) DEFAULT NULL,
  `causer_id` bigint(20) UNSIGNED DEFAULT NULL,
  `properties` longtext CHARACTER SET utf8mb4 COLLATE utf8mb4_bin DEFAULT NULL CHECK (json_valid(`properties`)),
  `batch_uuid` char(36) DEFAULT NULL,
  `created_at` timestamp NULL DEFAULT NULL,
  `updated_at` timestamp NULL DEFAULT NULL
) ENGINE=InnoDB DEFAULT CHARSET=utf8mb4 COLLATE=utf8mb4_unicode_ci;

--
-- Dumping data for table `activity_log`
--

INSERT INTO `activity_log` (`id`, `log_name`, `description`, `subject_type`, `event`, `subject_id`, `causer_type`, `causer_id`, `properties`, `batch_uuid`, `created_at`, `updated_at`) VALUES
(1, 'user_activity', 'created', 'App\\Models\\User', 'created', 8, 'App\\Models\\User', 7, '[]', NULL, '2023-07-05 16:34:56', '2023-07-05 16:34:56'),
(2, 'user_activity', 'deleted', 'App\\Models\\User', 'deleted', 8, 'App\\Models\\User', 7, '[]', NULL, '2023-07-05 16:42:53', '2023-07-05 16:42:53'),
(3, 'user_activity', 'created', 'App\\Models\\User', 'created', 9, 'App\\Models\\User', 7, '[]', NULL, '2023-07-05 17:09:42', '2023-07-05 17:09:42'),
(4, 'user_activity', 'created', 'App\\Models\\Cooperative', 'created', 1, 'App\\Models\\User', 7, '[]', NULL, '2023-07-05 17:24:40', '2023-07-05 17:24:40'),
(5, 'user_activity', 'created', 'App\\Models\\Cooperative', 'created', 2, 'App\\Models\\User', 7, '[]', NULL, '2023-07-06 19:04:03', '2023-07-06 19:04:03'),
(6, 'user_activity', 'updated', 'App\\Models\\Cooperative', 'updated', 2, 'App\\Models\\User', 7, '[]', NULL, '2023-11-19 16:29:01', '2023-11-19 16:29:01'),
(7, 'user_activity', 'updated', 'App\\Models\\Cooperative', 'updated', 1, 'App\\Models\\User', 7, '[]', NULL, '2023-11-19 16:29:04', '2023-11-19 16:29:04');

-- --------------------------------------------------------

--
-- Table structure for table `binconditions`
--

CREATE TABLE `binconditions` (
  `id` bigint(20) UNSIGNED NOT NULL,
  `bin_id` int(10) UNSIGNED NOT NULL,
  `temperature` int(11) NOT NULL,
  `humidity` varchar(255) NOT NULL,
  `acidity` varchar(255) NOT NULL,
  `created_at` timestamp NULL DEFAULT NULL,
  `updated_at` timestamp NULL DEFAULT NULL
) ENGINE=InnoDB DEFAULT CHARSET=utf8mb4 COLLATE=utf8mb4_unicode_ci;

-- --------------------------------------------------------

--
-- Table structure for table `bins`
--

CREATE TABLE `bins` (
  `id` bigint(20) UNSIGNED NOT NULL,
  `member_id` bigint(20) UNSIGNED NOT NULL,
  `cooperative_id` bigint(20) UNSIGNED NOT NULL,
  `code` varchar(255) NOT NULL,
  `status` tinyint(4) NOT NULL DEFAULT 0,
  `microcontroller_type` varchar(255) NOT NULL,
  `worm_type` varchar(255) NOT NULL,
  `province` varchar(255) NOT NULL,
  `district` varchar(255) NOT NULL,
  `sector` varchar(255) NOT NULL,
  `cell` varchar(255) NOT NULL,
  `created_at` timestamp NULL DEFAULT NULL,
  `updated_at` timestamp NULL DEFAULT NULL
) ENGINE=InnoDB DEFAULT CHARSET=utf8mb4 COLLATE=utf8mb4_unicode_ci;

--
-- Dumping data for table `bins`
--

INSERT INTO `bins` (`id`, `member_id`, `cooperative_id`, `code`, `status`, `microcontroller_type`, `worm_type`, `province`, `district`, `sector`, `cell`, `created_at`, `updated_at`) VALUES
(1, 1, 1, '001-Agricultural-BIN-2023-1123', 1, '1', '1', 'Kigali City', 'KICUKIRO', 'Masaka', 'Gako', '2023-11-23 20:16:03', '2023-11-23 20:16:16');

-- --------------------------------------------------------

--
-- Table structure for table `cells`
--

CREATE TABLE `cells` (
  `id` bigint(20) UNSIGNED NOT NULL,
  `codecell` int(11) NOT NULL,
  `nameCell` varchar(255) NOT NULL,
  `sectorcode` bigint(20) UNSIGNED NOT NULL
) ENGINE=InnoDB DEFAULT CHARSET=utf8mb4 COLLATE=utf8mb4_unicode_ci;

--
-- Dumping data for table `cells`
--

INSERT INTO `cells` (`id`, `codecell`, `nameCell`, `sectorcode`) VALUES
(1, 1010100, '-- Select Cell --', 10101),
(2, 1010101, 'Akabahizi', 10101),
(3, 1010102, 'Akabeza', 10101),
(4, 1010103, 'Gacyamo', 10101),
(5, 1010104, 'Kigarama', 10101),
(6, 1010105, 'Kinyange', 10101),
(7, 1010106, 'Kora', 10101),
(8, 1010200, '-- Select Cell --', 10102),
(9, 1010201, 'Nyamweru', 10102),
(10, 1010202, 'Nzove', 10102),
(11, 1010203, 'Taba', 10102),
(12, 1010300, '-- Select Cell --', 10103),
(13, 1010301, 'Kigali', 10103),
(14, 1010302, 'Mwendo', 10103),
(15, 1010303, 'Nyabugogo', 10103),
(16, 1010304, 'Ruriba', 10103),
(17, 1010305, 'Rwesero', 10103),
(18, 1010400, '-- Select Cell --', 10104),
(19, 1010401, 'Kamuhoza', 10104),
(20, 1010402, 'Katabaro', 10104),
(21, 1010403, 'Kimisagara', 10104),
(22, 1010500, '-- Select Cell --', 10105),
(23, 1010501, 'Kankuba', 10105),
(24, 1010502, 'Kavumu', 10105),
(25, 1010503, 'Mataba', 10105),
(26, 1010504, 'Ntungamo', 10105),
(27, 1010505, 'Nyarufunzo', 10105),
(28, 1010506, 'Nyarurenzi', 10105),
(29, 1010507, 'Runzenze', 10105),
(30, 1010600, '-- Select Cell --', 10106),
(31, 1010601, 'Amahoro', 10106),
(32, 1010602, 'Kabasengerezi', 10106),
(33, 1010603, 'Kabeza', 10106),
(34, 1010604, 'Nyabugogo', 10106),
(35, 1010605, 'Rugenge', 10106),
(36, 1010606, 'Tetero', 10106),
(37, 1010607, 'Ubumwe', 10106),
(38, 1010700, '-- Select Cell --', 10107),
(39, 1010701, 'Munanira I', 10107),
(40, 1010702, 'Munanira Ii', 10107),
(41, 1010703, 'Nyakabanda I', 10107),
(42, 1010704, 'Nyakabanda Ii', 10107),
(43, 1010800, '-- Select Cell --', 10108),
(44, 1010801, 'Cyivugiza', 10108),
(45, 1010802, 'Gasharu ', 10108),
(46, 1010803, 'Mumena', 10108),
(47, 1010804, 'Rugarama', 10108),
(48, 1010900, '-- Select Cell --', 10109),
(49, 1010901, 'Agatare', 10109),
(50, 1010902, 'Biryogo', 10109),
(51, 1010903, 'Kiyovu', 10109),
(52, 1010904, 'Rwampara', 10109),
(53, 1011000, '-- Select Cell --', 10110),
(54, 1011001, 'Kabuguru I', 10110),
(55, 1011002, 'Kabuguru Ii', 10110),
(56, 1011003, 'Rwezamenyo I', 10110),
(57, 1011004, 'Rwezamenyo Ii', 10110),
(58, 1020100, '-- Select Cell --', 10201),
(59, 1020101, 'Kinyaga', 10201),
(60, 1020102, 'Musave', 10201),
(61, 1020103, 'Mvuzo', 10201),
(62, 1020104, 'Ngara', 10201),
(63, 1020105, 'Nkuzuzu', 10201),
(64, 1020106, 'Nyabikenke', 10201),
(65, 1020107, 'Nyagasozi', 10201),
(66, 1020200, '-- Select Cell --', 10202),
(67, 1020201, 'Karuruma', 10202),
(68, 1020202, 'Nyamabuye ', 10202),
(69, 1020203, 'Nyamugari', 10202),
(70, 1020300, '-- Select Cell --', 10203),
(71, 1020301, 'Gasagara', 10203),
(72, 1020302, 'Gicaca', 10203),
(73, 1020303, 'Kibara', 10203),
(74, 1020304, 'Munini ', 10203),
(75, 1020305, 'Murambi', 10203),
(76, 1020400, '-- Select Cell --', 10204),
(77, 1020401, 'Musezero ', 10204),
(78, 1020402, 'Ruhango', 10204),
(79, 1020500, '-- Select Cell --', 10205),
(80, 1020501, 'Akamatamu', 10205),
(81, 1020502, 'Bweramvura', 10205),
(82, 1020503, 'Kabuye', 10205),
(83, 1020504, 'Kidashya', 10205),
(84, 1020505, 'Ngiryi', 10205),
(85, 1020600, '-- Select Cell --', 10206),
(86, 1020601, 'Agateko', 10206),
(87, 1020602, 'Buhiza ', 10206),
(88, 1020603, 'Muko', 10206),
(89, 1020604, 'Nkusi', 10206),
(90, 1020605, 'Nyabuliba', 10206),
(91, 1020606, 'Nyakabungo', 10206),
(92, 1020607, 'Nyamitanga', 10206),
(93, 1020700, '-- Select Cell --', 10207),
(94, 1020701, 'Kamatamu ', 10207),
(95, 1020702, 'Kamutwa', 10207),
(96, 1020703, 'Kibaza', 10207),
(97, 1020800, '-- Select Cell --', 10208),
(98, 1020801, 'Kamukina', 10208),
(99, 1020802, 'Kimihurura', 10208),
(100, 1020803, 'Rugando', 10208),
(101, 1020900, '-- Select Cell --', 10209),
(102, 1020901, 'Bibare', 10209),
(103, 1020902, 'Kibagabaga', 10209),
(104, 1020903, 'Nyagatovu ', 10209),
(105, 1021000, '-- Select Cell --', 10210),
(106, 1021001, 'Gacuriro', 10210),
(107, 1021002, 'Gasharu', 10210),
(108, 1021003, 'Kagugu', 10210),
(109, 1021004, 'Murama', 10210),
(110, 1021100, '-- Select Cell --', 10211),
(111, 1021101, 'Bwiza ', 10211),
(112, 1021102, 'Cyaruzinge', 10211),
(113, 1021103, 'Kibenga', 10211),
(114, 1021104, 'Masoro', 10211),
(115, 1021105, 'Mukuyu', 10211),
(116, 1021106, 'Rudashya', 10211),
(117, 1021200, '-- Select Cell --', 10212),
(118, 1021201, 'Butare', 10212),
(119, 1021202, 'Gasanze', 10212),
(120, 1021203, 'Gasura', 10212),
(121, 1021204, 'Gatunga', 10212),
(122, 1021205, 'Muremure', 10212),
(123, 1021206, 'Sha', 10212),
(124, 1021207, 'Shango', 10212),
(125, 1021300, '-- Select Cell --', 10213),
(126, 1021301, 'Nyabisindu', 10213),
(127, 1021302, 'Nyarutarama', 10213),
(128, 1021303, 'Rukiri I', 10213),
(129, 1021304, 'Rukiri Ii', 10213),
(130, 1021400, '-- Select Cell --', 10214),
(131, 1021401, 'Bisenga', 10214),
(132, 1021402, 'Gasagara', 10214),
(133, 1021403, 'Kabuga I', 10214),
(134, 1021404, 'Kabuga Ii', 10214),
(135, 1021405, 'Kinyana', 10214),
(136, 1021406, 'Mbandazi', 10214),
(137, 1021407, 'Nyagahinga', 10214),
(138, 1021408, 'Ruhanga', 10214),
(139, 1021500, '-- Select Cell --', 10215),
(140, 1021501, 'Gasabo', 10215),
(141, 1021502, 'Indatemwa', 10215),
(142, 1021503, 'Kabaliza', 10215),
(143, 1021504, 'Kacyatwa', 10215),
(144, 1021505, 'Kibenga', 10215),
(145, 1021506, 'Kigabiro', 10215),
(146, 1030100, '-- Select Cell --', 10301),
(147, 1030101, 'Gahanga', 10301),
(148, 1030102, 'Kagasa', 10301),
(149, 1030103, 'Karembure', 10301),
(150, 1030104, 'Murinja', 10301),
(151, 1030105, 'Nunga', 10301),
(152, 1030106, 'Rwabutenge', 10301),
(153, 1030200, '-- Select Cell --', 10302),
(154, 1030201, 'Gatenga', 10302),
(155, 1030202, 'Karambo', 10302),
(156, 1030203, 'Nyanza', 10302),
(157, 1030204, 'Nyarurama', 10302),
(158, 1030300, '-- Select Cell --', 10303),
(159, 1030301, 'Kagunga', 10303),
(160, 1030302, 'Kanserege', 10303),
(161, 1030303, 'Kinunga', 10303),
(162, 1030400, '-- Select Cell --', 10304),
(163, 1030401, 'Kanserege', 10304),
(164, 1030402, 'Muyange', 10304),
(165, 1030403, 'Rukatsa', 10304),
(166, 1030500, '-- Select Cell --', 10305),
(167, 1030501, 'Busanza ', 10305),
(168, 1030502, 'Kabeza', 10305),
(169, 1030503, 'Karama', 10305),
(170, 1030504, 'Rubirizi', 10305),
(171, 1030600, '-- Select Cell --', 10306),
(172, 1030601, 'Gasharu', 10306),
(173, 1030602, 'Kagina', 10306),
(174, 1030603, 'Kicukiro', 10306),
(175, 1030604, 'Ngoma', 10306),
(176, 1030701, 'Bwerankori', 10307),
(177, 1030702, 'Karugira', 10307),
(178, 1030703, 'Kigarama', 10307),
(179, 1030704, 'Nyarurama', 10307),
(180, 1030705, 'Rwampara', 10307),
(181, 1030800, '-- Select Cell --', 10308),
(182, 1030801, 'Ayabaraya', 10308),
(183, 1030802, 'Cyimo', 10308),
(184, 1030803, 'Gako', 10308),
(185, 1030804, 'Gitaraga', 10308),
(186, 1030805, 'Mbabe', 10308),
(187, 1030806, 'Rusheshe', 10308),
(188, 1030900, '-- Select Cell --', 10309),
(189, 1030901, 'Gatare', 10309),
(190, 1030902, 'Niboye', 10309),
(191, 1030903, 'Nyakabanda', 10309),
(192, 1031000, '-- Select Cell --', 10310),
(193, 1031001, 'Kamashashi ', 10310),
(194, 1031002, 'Nonko', 10310),
(195, 1031003, 'Rwimbogo', 10310),
(196, 2010100, '-- Select Cell --', 20101),
(197, 2010101, 'Gahondo', 20101),
(198, 2010102, 'Kavumu', 20101),
(199, 2010103, 'Kibinja', 20101),
(200, 2010104, 'Nyanza', 20101),
(201, 2010105, 'Rwesero', 20101),
(202, 2010200, '-- Select Cell --', 20102),
(203, 2010201, 'Gitovu', 20102),
(204, 2010202, 'Kimirama', 20102),
(205, 2010203, 'Masangano', 20102),
(206, 2010204, 'Munyinya', 20102),
(207, 2010205, 'Rukingiro', 20102),
(208, 2010206, 'Shyira', 20102),
(209, 2010300, '-- Select Cell --', 20103),
(210, 2010301, 'Kadaho', 20103),
(211, 2010302, 'Karama', 20103),
(212, 2010303, 'Nyabinyenga', 20103),
(213, 2010304, 'Nyarurama', 20103),
(214, 2010305, 'Rubona', 20103),
(215, 2010400, '-- Select Cell --', 20104),
(216, 2010401, 'Cyeru', 20104),
(217, 2010402, 'Mbuye', 20104),
(218, 2010403, 'Mututu', 20104),
(219, 2010404, 'Rwotso', 20104),
(220, 2010500, '-- Select Cell --', 20105),
(221, 2010501, 'Butansinda', 20105),
(222, 2010502, 'Butara', 20105),
(223, 2010503, 'Gahombo', 20105),
(224, 2010504, 'Gasoro', 20105),
(225, 2010505, 'Mulinja', 20105),
(226, 2010600, '-- Select Cell --', 20106),
(227, 2010601, 'Cyerezo', 20106),
(228, 2010602, 'Gatagara', 20106),
(229, 2010603, 'Kiruli', 20106),
(230, 2010604, 'Mpanga', 20106),
(231, 2010605, 'Ngwa', 20106),
(232, 2010606, 'Nkomero', 20106),
(233, 2010700, '-- Select Cell --', 20107),
(234, 2010701, 'Gati', 20107),
(235, 2010702, 'Migina', 20107),
(236, 2010703, 'Nyamiyaga', 20107),
(237, 2010704, 'Nyamure', 20107),
(238, 2010705, 'Nyundo', 20107),
(239, 2010800, '-- Select Cell --', 20108),
(240, 2010801, 'Bugali', 20108),
(241, 2010802, 'Cyotamakara', 20108),
(242, 2010803, 'Kagunga', 20108),
(243, 2010804, 'Katarara', 20108),
(244, 2010900, '-- Select Cell --', 20109),
(245, 2010901, 'Gahunga', 20109),
(246, 2010902, 'Kabirizi', 20109),
(247, 2010903, 'Kabuga', 20109),
(248, 2010904, 'Kirambi', 20109),
(249, 2010905, 'Rurangazi', 20109),
(250, 2011000, '-- Select Cell --', 20110),
(251, 2011001, 'Gacu', 20110),
(252, 2011002, 'Gishike', 20110),
(253, 2011003, 'Mubuga', 20110),
(254, 2011004, 'Mushirarungu', 20110),
(255, 2011005, 'Nyarusange', 20110),
(256, 2011006, 'Runga', 20110),
(257, 2020100, '-- Select Cell --', 20201),
(258, 2020101, 'Cyiri', 20201),
(259, 2020102, 'Gasagara', 20201),
(260, 2020103, 'Gikonko', 20201),
(261, 2020104, 'Mbogo', 20201),
(262, 2020200, '-- Select Cell --', 20202),
(263, 2020201, 'Gabiro', 20202),
(264, 2020202, 'Nyabitare', 20202),
(265, 2020203, 'Nyakibungo', 20202),
(266, 2020204, 'Nyeranzi', 20202),
(267, 2020300, '-- Select Cell --', 20203),
(268, 2020301, 'Akaboti', 20203),
(269, 2020302, 'Bwiza', 20203),
(270, 2020303, 'Sabusaro', 20203),
(271, 2020304, 'Umunini', 20203),
(272, 2020400, '-- Select Cell --', 20204),
(273, 2020401, 'Duwani', 20204),
(274, 2020402, 'Kibirizi', 20204),
(275, 2020403, 'Muyira', 20204),
(276, 2020404, 'Ruturo', 20204),
(277, 2020500, '-- Select Cell --', 20205),
(278, 2020501, 'Agahabwa', 20205),
(279, 2020502, 'Gatovu', 20205),
(280, 2020503, 'Impinga', 20205),
(281, 2020504, 'Nyabikenke', 20205),
(282, 2020505, 'Rubona', 20205),
(283, 2020506, 'Rusagara', 20205),
(284, 2020600, '-- Select Cell --', 20206),
(285, 2020601, 'Gakoma', 20206),
(286, 2020602, 'Kabumbwe', 20206),
(287, 2020603, 'Mamba', 20206),
(288, 2020604, 'Muyaga', 20206),
(289, 2020605, 'Ramba', 20206),
(290, 2020700, '-- Select Cell --', 20207),
(291, 2020701, 'Cyumba', 20207),
(292, 2020702, 'Muganza', 20207),
(293, 2020703, 'Remera', 20207),
(294, 2020704, 'Rwamiko', 20207),
(295, 2020705, 'Saga', 20207),
(296, 2020800, '-- Select Cell --', 20208),
(297, 2020801, 'Baziro', 20208),
(298, 2020802, 'Kibayi', 20208),
(299, 2020803, 'Kibu', 20208),
(300, 2020804, 'Mugombwa', 20208),
(301, 2020805, 'Mukomacara', 20208),
(302, 2020900, '-- Select Cell --', 20209),
(303, 2020901, 'Gitega', 20209),
(304, 2020902, 'Mukiza', 20209),
(305, 2020903, 'Nyabisagara', 20209),
(306, 2020904, 'Runyinya', 20209),
(307, 2021000, '-- Select Cell --', 20210),
(308, 2021001, 'Bukinanyana', 20210),
(309, 2021002, 'Gatovu', 20210),
(310, 2021003, 'Kigarama', 20210),
(311, 2021004, 'Kimana', 20210),
(312, 2021100, '-- Select Cell --', 20211),
(313, 2021101, 'Bweya', 20211),
(314, 2021102, 'Cyamukuza', 20211),
(315, 2021103, 'Dahwe', 20211),
(316, 2021104, 'Gisagara', 20211),
(317, 2021105, 'Mukande', 20211),
(318, 2021200, '-- Select Cell --', 20212),
(319, 2021201, 'Higiro', 20212),
(320, 2021202, 'Nyamugari', 20212),
(321, 2021203, 'Nyaruteja', 20212),
(322, 2021204, 'Umubanga', 20212),
(323, 2021300, '-- Select Cell --', 20213),
(324, 2021301, 'Gatoki', 20213),
(325, 2021302, 'Munazi', 20213),
(326, 2021303, 'Rwanza', 20213),
(327, 2021304, 'Shyanda', 20213),
(328, 2021305, 'Zivu', 20213),
(329, 2030100, '-- Select Cell --', 20301),
(330, 2030101, 'Kirarangombe', 20301),
(331, 2030102, 'Nkanda', 20301),
(332, 2030103, 'Nteko', 20301),
(333, 2030104, 'Runyombyi', 20301),
(334, 2030105, 'Shororo', 20301),
(335, 2030200, '-- Select Cell --', 20302),
(336, 2030201, 'Coko', 20302),
(337, 2030202, 'Cyahinda', 20302),
(338, 2030203, 'Gasasa', 20302),
(339, 2030204, 'Muhambara', 20302),
(340, 2030205, 'Rutobwe', 20302),
(341, 2030300, '-- Select Cell --', 20303),
(342, 2030301, 'Gakoma', 20303),
(343, 2030302, 'Kibeho', 20303),
(344, 2030303, 'Mbasa', 20303),
(345, 2030304, 'Mpanda', 20303),
(346, 2030305, 'Mubuga', 20303),
(347, 2030306, 'Nyange', 20303),
(348, 2030400, '-- Select Cell --', 20304),
(349, 2030401, 'Cyanyirankora', 20304),
(350, 2030402, 'Gahurizo', 20304),
(351, 2030403, 'Kimina', 20304),
(352, 2030404, 'Kivu', 20304),
(353, 2030405, 'Rugerero', 20304),
(354, 2030500, '-- Select Cell --', 20305),
(355, 2030501, 'Gorwe', 20305),
(356, 2030502, 'Murambi', 20305),
(357, 2030503, 'Nyamabuye', 20305),
(358, 2030504, 'Ramba', 20305),
(359, 2030505, 'Rwamiko', 20305),
(360, 2030600, '-- Select Cell --', 20306),
(361, 2030601, 'Muganza', 20306),
(362, 2030602, 'Rukore', 20306),
(363, 2030603, 'Samiyonga', 20306),
(364, 2030604, 'Uwacyiza', 20306),
(365, 2030700, '-- Select Cell --', 20307),
(366, 2030701, 'Giheta', 20307),
(367, 2030702, 'Ngarurira', 20307),
(368, 2030703, 'Ngeri', 20307),
(369, 2030704, 'Ntwali', 20307),
(370, 2030705, 'Nyarure', 20307),
(371, 2030800, '-- Select Cell --', 20308),
(372, 2030801, 'Bitare', 20308),
(373, 2030802, 'Mukuge', 20308),
(374, 2030803, 'Murama', 20308),
(375, 2030804, 'Nyamirama', 20308),
(376, 2030805, 'Nyanza', 20308),
(377, 2030806, 'Yaramba', 20308),
(378, 2030900, '-- Select Cell --', 20309),
(379, 2030901, 'Fugi', 20309),
(380, 2030902, 'Kibangu', 20309),
(381, 2030903, 'Kiyonza', 20309),
(382, 2030904, 'Mbuye', 20309),
(383, 2030905, 'Nyamirama', 20309),
(384, 2030906, 'Rubona', 20309),
(385, 2031000, '-- Select Cell --', 20310),
(386, 2031001, 'Gihemvu', 20310),
(387, 2031002, 'Kabere', 20310),
(388, 2031003, 'Mishungero', 20310),
(389, 2031004, 'Nyabimata', 20310),
(390, 2031005, 'Ruhinga', 20310),
(391, 2031100, '-- Select Cell --', 20311),
(392, 2031101, 'Maraba', 20311),
(393, 2031102, 'Mwoya', 20311),
(394, 2031103, 'Nkakwa', 20311),
(395, 2031104, 'Nyagisozi', 20311),
(396, 2031200, '-- Select Cell --', 20312),
(397, 2031201, 'Gitita', 20312),
(398, 2031202, 'Kabere', 20312),
(399, 2031203, 'Remera', 20312),
(400, 2031204, 'Ruyenzi', 20312),
(401, 2031205, 'Uwumusebeya', 20312),
(402, 2031300, '-- Select Cell --', 20313),
(403, 2031301, 'Gabiro', 20313),
(404, 2031302, 'Giseke', 20313),
(405, 2031303, 'Nyarugano', 20313),
(406, 2031304, 'Rugogwe', 20313),
(407, 2031305, 'Ruramba', 20313),
(408, 2031400, '-- Select Cell --', 20314),
(409, 2031401, 'Bunge', 20314),
(410, 2031402, 'Cyuna', 20314),
(411, 2031403, 'Gikunzi', 20314),
(412, 2031404, 'Mariba', 20314),
(413, 2031405, 'Raranzige', 20314),
(414, 2031406, 'Rusenge', 20314),
(415, 2040100, '-- Select Cell --', 20401),
(416, 2040101, 'Nyakibanda', 20401),
(417, 2040102, 'Nyumba', 20401),
(418, 2040103, 'Ryakibogo', 20401),
(419, 2040104, 'Shori', 20401),
(420, 2040200, '-- Select Cell --', 20402),
(421, 2040201, 'Muyogoro', 20402),
(422, 2040202, 'Nyakagezi', 20402),
(423, 2040203, 'Rukira', 20402),
(424, 2040204, 'Sovu', 20402),
(425, 2040300, '-- Select Cell --', 20403),
(426, 2040301, 'Buhoro', 20403),
(427, 2040302, 'Bunazi', 20403),
(428, 2040303, 'Gahororo', 20403),
(429, 2040304, 'Kibingo', 20403),
(430, 2040305, 'Muhembe', 20403),
(431, 2040400, '-- Select Cell --', 20404),
(432, 2040401, 'Gishihe', 20404),
(433, 2040402, 'Kabatwa', 20404),
(434, 2040403, 'Kabuga', 20404),
(435, 2040404, 'Karambi', 20404),
(436, 2040405, 'Musebeya', 20404),
(437, 2040406, 'Nyabisindu', 20404),
(438, 2040407, 'Rugarama', 20404),
(439, 2040408, 'Shanga', 20404),
(440, 2040500, '-- Select Cell --', 20405),
(441, 2040501, 'Byinza', 20405),
(442, 2040502, 'Gahana', 20405),
(443, 2040503, 'Gitovu', 20405),
(444, 2040504, 'Kabona', 20405),
(445, 2040505, 'Sazange', 20405),
(446, 2040600, '-- Select Cell --', 20406),
(447, 2040601, 'Buremera', 20406),
(448, 2040602, 'Gasumba', 20406),
(449, 2040603, 'Kabuye', 20406),
(450, 2040604, 'Kanyinya', 20406),
(451, 2040605, 'Shanga', 20406),
(452, 2040606, 'Shyembe', 20406),
(453, 2040700, '-- Select Cell --', 20407),
(454, 2040701, 'Gatobotobo', 20407),
(455, 2040702, 'Kabuga', 20407),
(456, 2040703, 'Mutunda', 20407),
(457, 2040704, 'Mwulire', 20407),
(458, 2040705, 'Rugango', 20407),
(459, 2040706, 'Rusagara', 20407),
(460, 2040707, 'Tare', 20407),
(461, 2040800, '-- Select Cell --', 20408),
(462, 2040801, 'Bukomeye', 20408),
(463, 2040802, 'Buvumu', 20408),
(464, 2040803, 'Icyeru', 20408),
(465, 2040804, 'Rango A', 20408),
(466, 2040900, '-- Select Cell --', 20409),
(467, 2040901, 'Butare', 20409),
(468, 2040902, 'Kaburemera', 20409),
(469, 2040903, 'Matyazo', 20409),
(470, 2040904, 'Ngoma', 20409),
(471, 2041000, '-- Select Cell --', 20410),
(472, 2041001, 'Busheshi', 20410),
(473, 2041002, 'Gatovu', 20410),
(474, 2041003, 'Karama', 20410),
(475, 2041004, 'Mara', 20410),
(476, 2041005, 'Muhororo', 20410),
(477, 2041006, 'Rugogwe', 20410),
(478, 2041007, 'Ruhashya', 20410),
(479, 2041100, '-- Select Cell --', 20411),
(480, 2041101, 'Buhimba', 20411),
(481, 2041102, 'Gafumba', 20411),
(482, 2041103, 'Kimirehe', 20411),
(483, 2041104, 'Kimuna', 20411),
(484, 2041105, 'Kiruhura', 20411),
(485, 2041106, 'Mugogwe', 20411),
(486, 2041200, '-- Select Cell --', 20412),
(487, 2041201, 'Gatwaro', 20412),
(488, 2041202, 'Kamwambi', 20412),
(489, 2041203, 'Kibiraro', 20412),
(490, 2041204, 'Mwendo', 20412),
(491, 2041205, 'Nyamabuye', 20412),
(492, 2041206, 'Nyaruhombo', 20412),
(493, 2041207, 'Shyunga', 20412),
(494, 2041300, '-- Select Cell --', 20413),
(495, 2041301, 'Cyendajuru', 20413),
(496, 2041302, 'Gisakura', 20413),
(497, 2041303, 'Kabusanza', 20413),
(498, 2041304, 'Mugobore', 20413),
(499, 2041305, 'Nyangazi', 20413),
(500, 2041400, '-- Select Cell --', 20414),
(501, 2041401, 'Cyarwa', 20414),
(502, 2041402, 'Cyimana', 20414),
(503, 2041403, 'Gitwa', 20414),
(504, 2041404, 'Mpare', 20414),
(505, 2041405, 'Rango B', 20414),
(506, 2050100, '-- Select Cell --', 20501),
(507, 2050101, 'Bushigishigi', 20501),
(508, 2050102, 'Byimana', 20501),
(509, 2050103, 'Gifurwe', 20501),
(510, 2050104, 'Kizimyamuriro', 20501),
(511, 2050105, 'Munini', 20501),
(512, 2050106, 'Rambya', 20501),
(513, 2050200, '-- Select Cell --', 20502),
(514, 2050201, 'Gitega', 20502),
(515, 2050202, 'Karama', 20502),
(516, 2050203, 'Kiyumba', 20502),
(517, 2050204, 'Ngoma', 20502),
(518, 2050205, 'Nyanza', 20502),
(519, 2050206, 'Nyanzoga', 20502),
(520, 2050300, '-- Select Cell --', 20503),
(521, 2050301, 'Kigeme', 20503),
(522, 2050302, 'Ngiryi', 20503),
(523, 2050303, 'Nyabivumu', 20503),
(524, 2050304, 'Nyamugari', 20503),
(525, 2050305, 'Nzega', 20503),
(526, 2050306, 'Remera', 20503),
(527, 2050400, '-- Select Cell --', 20504),
(528, 2050401, 'Bakopfu', 20504),
(529, 2050402, 'Gatare', 20504),
(530, 2050403, 'Mukongoro', 20504),
(531, 2050404, 'Ruganda', 20504),
(532, 2050405, 'Shyeru', 20504),
(533, 2050500, '-- Select Cell --', 20505),
(534, 2050501, 'Kavumu', 20505),
(535, 2050502, 'Murambi', 20505),
(536, 2050503, 'Musenyi', 20505),
(537, 2050504, 'Nyabisindu', 20505),
(538, 2050505, 'Nyamiyaga', 20505),
(539, 2050600, '-- Select Cell --', 20506),
(540, 2050601, 'Bwama', 20506),
(541, 2050602, 'Kamegeri', 20506),
(542, 2050603, 'Kirehe', 20506),
(543, 2050604, 'Kizi', 20506),
(544, 2050605, 'Nyarusiza', 20506),
(545, 2050606, 'Rususa', 20506),
(546, 2050700, '-- Select Cell --', 20507),
(547, 2050701, 'Bugarama', 20507),
(548, 2050702, 'Bugarura', 20507),
(549, 2050703, 'Gashiha', 20507),
(550, 2050704, 'Karambo', 20507),
(551, 2050705, 'Ruhunga', 20507),
(552, 2050706, 'Uwindekezi', 20507),
(553, 2050800, '-- Select Cell --', 20508),
(554, 2050801, 'Bwenda', 20508),
(555, 2050802, 'Gakanka', 20508),
(556, 2050803, 'Kibibi', 20508),
(557, 2050804, 'Nyakiza', 20508),
(558, 2050900, '-- Select Cell --', 20509),
(559, 2050901, 'Kagano', 20509),
(560, 2050902, 'Mujuga', 20509),
(561, 2050903, 'Mukungu', 20509),
(562, 2050904, 'Shaba', 20509),
(563, 2050905, 'Uwingugu', 20509),
(564, 2051000, '-- Select Cell --', 20510),
(565, 2051001, 'Manwari', 20510),
(566, 2051002, 'Mutiwingoma', 20510),
(567, 2051003, 'Ngambi', 20510),
(568, 2051004, 'Ngara', 20510),
(569, 2051100, '-- Select Cell --', 20511),
(570, 2051101, 'Gitondorero', 20511),
(571, 2051102, 'Gitwa', 20511),
(572, 2051103, 'Ruhinga', 20511),
(573, 2051104, 'Sovu', 20511),
(574, 2051105, 'Suti', 20511),
(575, 2051106, 'Yonde', 20511),
(576, 2051200, '-- Select Cell --', 20512),
(577, 2051201, 'Gasave', 20512),
(578, 2051202, 'Jenda', 20512),
(579, 2051203, 'Masagara', 20512),
(580, 2051204, 'Masangano', 20512),
(581, 2051205, 'Masizi', 20512),
(582, 2051206, 'Nyagisozi', 20512),
(583, 2051300, '-- Select Cell --', 20513),
(584, 2051301, 'Gatovu', 20513),
(585, 2051302, 'Nyarurambi', 20513),
(586, 2051303, 'Rugano', 20513),
(587, 2051304, 'Runege', 20513),
(588, 2051305, 'Rusekera', 20513),
(589, 2051306, 'Sekera', 20513),
(590, 2051400, '-- Select Cell --', 20514),
(591, 2051401, 'Buteteri', 20514),
(592, 2051402, 'Cyobe', 20514),
(593, 2051403, 'Gashwati', 20514),
(594, 2051500, '-- Select Cell --', 20515),
(595, 2051501, 'Bitandara', 20515),
(596, 2051502, 'Musaraba', 20515),
(597, 2051503, 'Mutengeri', 20515),
(598, 2051504, 'Nkomane', 20515),
(599, 2051505, 'Nyarwungo', 20515),
(600, 2051506, 'Twiya', 20515),
(601, 2051600, '-- Select Cell --', 20516),
(602, 2051601, 'Buhoro', 20516),
(603, 2051602, 'Gasarenda', 20516),
(604, 2051603, 'Gatovu', 20516),
(605, 2051604, 'Kaganza', 20516),
(606, 2051605, 'Nkumbure', 20516),
(607, 2051606, 'Nyamigina', 20516),
(608, 2051700, '-- Select Cell --', 20517),
(609, 2051701, 'Bigumira', 20517),
(610, 2051702, 'Gahira', 20517),
(611, 2051703, 'Kibyagira', 20517),
(612, 2051704, 'Mudasomwa', 20517),
(613, 2051705, 'Munyege', 20517),
(614, 2051706, 'Rugogwe', 20517),
(615, 2060100, '-- Select Cell --', 20601),
(616, 2060101, 'Buhanda', 20601),
(617, 2060102, 'Gitisi', 20601),
(618, 2060103, 'Murama', 20601),
(619, 2060104, 'Rubona', 20601),
(620, 2060105, 'Rwinyana', 20601),
(621, 2060200, '-- Select Cell --', 20602),
(622, 2060201, 'Kamusenyi', 20602),
(623, 2060202, 'Kirengeri', 20602),
(624, 2060203, 'Mahembe', 20602),
(625, 2060204, 'Mpanda', 20602),
(626, 2060205, 'Muhororo', 20602),
(627, 2060206, 'Ntenyo', 20602),
(628, 2060207, 'Nyakabuye', 20602),
(629, 2060300, '-- Select Cell --', 20603),
(630, 2060301, 'Bihembe', 20603),
(631, 2060302, 'Karambi', 20603),
(632, 2060303, 'Munanira', 20603),
(633, 2060304, 'Remera', 20603),
(634, 2060305, 'Rwesero', 20603),
(635, 2060306, 'Rwoga', 20603),
(636, 2060400, '-- Select Cell --', 20604),
(637, 2060401, 'Burima', 20604),
(638, 2060402, 'Gisali', 20604),
(639, 2060403, 'Kinazi', 20604),
(640, 2060404, 'Rubona', 20604),
(641, 2060405, 'Rutabo', 20604),
(642, 2060500, '-- Select Cell --', 20605),
(643, 2060501, 'Bweramvura', 20605),
(644, 2060502, 'Gitinda', 20605),
(645, 2060503, 'Kirwa', 20605),
(646, 2060504, 'Muyunzwe', 20605),
(647, 2060505, 'Nyakogo', 20605),
(648, 2060506, 'Rukina', 20605),
(649, 2060600, '-- Select Cell --', 20606),
(650, 2060601, 'Cyanza', 20606),
(651, 2060602, 'Gisanga', 20606),
(652, 2060603, 'Kabuga', 20606),
(653, 2060604, 'Kizibere', 20606),
(654, 2060605, 'Mbuye', 20606),
(655, 2060606, 'Mwendo', 20606),
(656, 2060607, 'Nyakarekare', 20606),
(657, 2060700, '-- Select Cell --', 20607),
(658, 2060701, 'Gafunzo', 20607),
(659, 2060702, 'Gishweru', 20607),
(660, 2060703, 'Kamujisho', 20607),
(661, 2060704, 'Kigarama', 20607),
(662, 2060705, 'Kubutare', 20607),
(663, 2060706, 'Mutara', 20607),
(664, 2060707, 'Nyabibugu', 20607),
(665, 2060708, 'Saruheshyi', 20607),
(666, 2060800, '-- Select Cell --', 20608),
(667, 2060801, 'Gako', 20608),
(668, 2060802, 'Kareba', 20608),
(669, 2060803, 'Kayenzi', 20608),
(670, 2060804, 'Kebero', 20608),
(671, 2060805, 'Nyagisozi', 20608),
(672, 2060806, 'Nyakabungo', 20608),
(673, 2060807, 'Nyarurama', 20608),
(674, 2060900, '-- Select Cell --', 20609),
(675, 2060901, 'Buhoro', 20609),
(676, 2060902, 'Bunyogombe', 20609),
(677, 2060903, 'Gikoma', 20609),
(678, 2060904, 'Munini', 20609),
(679, 2060905, 'Musamo', 20609),
(680, 2060906, 'Nyamagana', 20609),
(681, 2060907, 'Rwoga', 20609),
(682, 2060908, 'Tambwe', 20609),
(683, 2070100, '-- Select Cell --', 20701),
(684, 2070101, 'Biringaga', 20701),
(685, 2070102, 'Kigarama', 20701),
(686, 2070103, 'Kivumu', 20701),
(687, 2070104, 'Makera', 20701),
(688, 2070105, 'Nyarunyinya', 20701),
(689, 2070106, 'Shori', 20701),
(690, 2070200, '-- Select Cell --', 20702),
(691, 2070201, 'Buramba', 20702),
(692, 2070202, 'Butare', 20702),
(693, 2070203, 'Kabuye', 20702),
(694, 2070204, 'Kavumu', 20702),
(695, 2070205, 'Kibyimba', 20702),
(696, 2070206, 'Ngarama', 20702),
(697, 2070207, 'Ngoma', 20702),
(698, 2070208, 'Sholi', 20702),
(699, 2070300, '-- Select Cell --', 20703),
(700, 2070301, 'Gisharu', 20703),
(701, 2070302, 'Gitega', 20703),
(702, 2070303, 'Jurwe', 20703),
(703, 2070304, 'Mubuga', 20703),
(704, 2070305, 'Rubyiniro', 20703),
(705, 2070306, 'Ryakanimba', 20703),
(706, 2070400, '-- Select Cell --', 20704),
(707, 2070401, 'Budende', 20704),
(708, 2070402, 'Ndago', 20704),
(709, 2070403, 'Remera', 20704),
(710, 2070404, 'Ruhina', 20704),
(711, 2070405, 'Rukeri', 20704),
(712, 2070500, '-- Select Cell --', 20705),
(713, 2070501, 'Kanyinya', 20705),
(714, 2070502, 'Nganzo', 20705),
(715, 2070503, 'Nyamirama', 20705),
(716, 2070504, 'Remera', 20705),
(717, 2070505, 'Tyazo', 20705),
(718, 2070600, '-- Select Cell --', 20706),
(719, 2070601, 'Matyazo', 20706),
(720, 2070602, 'Munazi', 20706),
(721, 2070603, 'Nyagasozi', 20706),
(722, 2070604, 'Rukaragata', 20706),
(723, 2070605, 'Rwasare', 20706),
(724, 2070606, 'Rwigerero', 20706),
(725, 2070700, '-- Select Cell --', 20707),
(726, 2070701, 'Gashorera', 20707),
(727, 2070702, 'Masangano', 20707),
(728, 2070703, 'Mbuga', 20707),
(729, 2070704, 'Muvumba', 20707),
(730, 2070705, 'Nyarusozi', 20707),
(731, 2070800, '-- Select Cell --', 20708),
(732, 2070801, 'Gahogo', 20708),
(733, 2070802, 'Gifumba', 20708),
(734, 2070803, 'Gitarama', 20708),
(735, 2070804, 'Remera', 20708),
(736, 2070900, '-- Select Cell --', 20709),
(737, 2070901, 'Mbiriri', 20709),
(738, 2070902, 'Musongati', 20709),
(739, 2070903, 'Ngaru', 20709),
(740, 2070904, 'Rusovu', 20709),
(741, 2071000, '-- Select Cell --', 20710),
(742, 2071001, 'Gasagara', 20710),
(743, 2071002, 'Gasharu', 20710),
(744, 2071003, 'Karambo', 20710),
(745, 2071004, 'Nyamirambo', 20710),
(746, 2071005, 'Ruhango', 20710),
(747, 2071100, '-- Select Cell --', 20711),
(748, 2071101, 'Gasave', 20711),
(749, 2071102, 'Kanyana', 20711),
(750, 2071103, 'Kibaga', 20711),
(751, 2071104, 'Mpinga', 20711),
(752, 2071105, 'Nsanga', 20711),
(753, 2071200, '-- Select Cell --', 20712),
(754, 2071201, 'Kinini', 20712),
(755, 2071202, 'Mbare', 20712),
(756, 2071203, 'Mubuga', 20712),
(757, 2071204, 'Ruli', 20712),
(758, 2080100, '-- Select Cell --', 20801),
(759, 2080101, 'Gihinga', 20801),
(760, 2080102, 'Gihira', 20801),
(761, 2080103, 'Kigembe', 20801),
(762, 2080104, 'Nkingo', 20801),
(763, 2080200, '-- Select Cell --', 20802),
(764, 2080201, 'Bitare', 20802),
(765, 2080202, 'Bunyonga', 20802),
(766, 2080203, 'Muganza', 20802),
(767, 2080204, 'Nyamirembe', 20802),
(768, 2080300, '-- Select Cell --', 20803),
(769, 2080301, 'Bugarama', 20803),
(770, 2080302, 'Cubi', 20803),
(771, 2080303, 'Kayonza', 20803),
(772, 2080304, 'Kirwa', 20803),
(773, 2080305, 'Mataba', 20803),
(774, 2080306, 'Nyamirama', 20803),
(775, 2080400, '-- Select Cell --', 20804),
(776, 2080401, 'Busoro', 20804),
(777, 2080402, 'Gaseke', 20804),
(778, 2080403, 'Giko', 20804),
(779, 2080404, 'Muyange', 20804),
(780, 2080500, '-- Select Cell --', 20805),
(781, 2080501, 'Jenda', 20805),
(782, 2080502, 'Kabugondo', 20805),
(783, 2080503, 'Mbati', 20805),
(784, 2080504, 'Mugina', 20805),
(785, 2080505, 'Nteko', 20805),
(786, 2080600, '-- Select Cell --', 20806),
(787, 2080601, 'Buhoro', 20806),
(788, 2080602, 'Cyambwe', 20806),
(789, 2080603, 'Karengera', 20806),
(790, 2080604, 'Kivumu', 20806),
(791, 2080605, 'Mpushi', 20806),
(792, 2080606, 'Rukambura', 20806),
(793, 2080700, '-- Select Cell --', 20807),
(794, 2080701, 'Kabuga', 20807),
(795, 2080702, 'Kazirabonde', 20807),
(796, 2080703, 'Marembo', 20807),
(797, 2080800, '-- Select Cell --', 20808),
(798, 2080801, 'Bibungo', 20808),
(799, 2080802, 'Kabashumba', 20808),
(800, 2080803, 'Kidahwe', 20808),
(801, 2080804, 'Mukinga', 20808),
(802, 2080805, 'Ngoma', 20808),
(803, 2080900, '-- Select Cell --', 20809),
(804, 2080901, 'Gitare', 20809),
(805, 2080902, 'Kambyeyi', 20809),
(806, 2080903, 'Kigusa', 20809),
(807, 2080904, 'Nyagishubi', 20809),
(808, 2080905, 'Ruyanza', 20809),
(809, 2081000, '-- Select Cell --', 20810),
(810, 2081001, 'Bihembe', 20810),
(811, 2081002, 'Kigese', 20810),
(812, 2081003, 'Masaka', 20810),
(813, 2081004, 'Nyarubuye', 20810),
(814, 2081005, 'Sheli', 20810),
(815, 2081100, '-- Select Cell --', 20811),
(816, 2081101, 'Bugoba', 20811),
(817, 2081102, 'Buguri', 20811),
(818, 2081103, 'Gishyeshye', 20811),
(819, 2081104, 'Murehe', 20811),
(820, 2081105, 'Mwirute', 20811),
(821, 2081106, 'Remera', 20811),
(822, 2081107, 'Taba', 20811),
(823, 2081200, '-- Select Cell --', 20812),
(824, 2081201, 'Gihara', 20812),
(825, 2081202, 'Kabagesera', 20812),
(826, 2081203, 'Kagina', 20812),
(827, 2081204, 'Muganza', 20812),
(828, 2081205, 'Ruyenzi', 20812),
(829, 3010100, '-- Select Cell --', 30101),
(830, 3010101, 'Burunga', 30101),
(831, 3010102, 'Gasura', 30101),
(832, 3010103, 'Gitarama', 30101),
(833, 3010104, 'Kayenzi', 30101),
(834, 3010105, 'Kibuye', 30101),
(835, 3010106, 'Kiniha', 30101),
(836, 3010107, 'Nyarusazi', 30101),
(837, 3010200, '-- Select Cell --', 30102),
(838, 3010201, 'Birambo', 30102),
(839, 3010202, 'Musasa', 30102),
(840, 3010203, 'Mwendo', 30102),
(841, 3010204, 'Rugobagoba', 30102),
(842, 3010205, 'Tongati', 30102),
(843, 3010300, '-- Select Cell --', 30103),
(844, 3010301, 'Buhoro', 30103),
(845, 3010302, 'Cyanya', 30103),
(846, 3010303, 'Kigarama', 30103),
(847, 3010304, 'Munanira', 30103),
(848, 3010305, 'Musasa', 30103),
(849, 3010306, 'Ngoma', 30103),
(850, 3010400, '-- Select Cell --', 30104),
(851, 3010401, 'Gasharu', 30104),
(852, 3010402, 'Gitega', 30104),
(853, 3010403, 'Kanunga', 30104),
(854, 3010404, 'Kirambo', 30104),
(855, 3010405, 'Munanira', 30104),
(856, 3010406, 'Nyamiringa', 30104),
(857, 3010407, 'Ruhinga', 30104),
(858, 3010408, 'Rwariro', 30104),
(859, 3010500, '-- Select Cell --', 30105),
(860, 3010501, 'Kagabiro', 30105),
(861, 3010502, 'Murangara', 30105),
(862, 3010503, 'Nyagatovu', 30105),
(863, 3010504, 'Ryaruhanga', 30105),
(864, 3010600, '-- Select Cell --', 30106),
(865, 3010601, 'Mubuga', 30106),
(866, 3010602, 'Muhororo', 30106),
(867, 3010603, 'Nkoto', 30106),
(868, 3010604, 'Nyarunyinya', 30106),
(869, 3010605, 'Shyembe', 30106),
(870, 3010700, '-- Select Cell --', 30107),
(871, 3010701, 'Bukiro', 30107),
(872, 3010702, 'Kabaya', 30107),
(873, 3010703, 'Kamina', 30107),
(874, 3010704, 'Kareba', 30107),
(875, 3010705, 'Nyamushishi', 30107),
(876, 3010706, 'Nzaratsi', 30107),
(877, 3010800, '-- Select Cell --', 30108),
(878, 3010801, 'Byogo', 30108),
(879, 3010802, 'Gasharu', 30108),
(880, 3010803, 'Gisayura', 30108),
(881, 3010804, 'Kanyege', 30108),
(882, 3010805, 'Kinyonzwe', 30108),
(883, 3010806, 'Murengezo', 30108),
(884, 3010807, 'Rwufi', 30108),
(885, 3010900, '-- Select Cell --', 30109),
(886, 3010901, 'Bubazi', 30109),
(887, 3010902, 'Gacaca', 30109),
(888, 3010903, 'Gisanze', 30109),
(889, 3010904, 'Gitwa', 30109),
(890, 3010905, 'Kibirizi', 30109),
(891, 3010906, 'Mataba', 30109),
(892, 3010907, 'Nyarugenge', 30109),
(893, 3010908, 'Ruragwe', 30109),
(894, 3011000, '-- Select Cell --', 30110),
(895, 3011001, 'Gisiza', 30110),
(896, 3011002, 'Gitega', 30110),
(897, 3011003, 'Gitovu', 30110),
(898, 3011004, 'Kabuga', 30110),
(899, 3011005, 'Mubuga', 30110),
(900, 3011006, 'Mucyimba', 30110),
(901, 3011007, 'Rufungo', 30110),
(902, 3011008, 'Rwungo', 30110),
(903, 3011009, 'Tyazo', 30110),
(904, 3011100, '-- Select Cell --', 30111),
(905, 3011101, 'Biguhu', 30111),
(906, 3011102, 'Kabingo', 30111),
(907, 3011103, 'Kinyovu', 30111),
(908, 3011104, 'Kivumu', 30111),
(909, 3011105, 'Nyabikeri', 30111),
(910, 3011106, 'Nyamugwagwa', 30111),
(911, 3011107, 'Rubona', 30111),
(912, 3011108, 'Rugobagoba', 30111),
(913, 3011200, '-- Select Cell --', 30112),
(914, 3011201, 'Bigugu', 30112),
(915, 3011202, 'Bisesero', 30112),
(916, 3011203, 'Gasata', 30112),
(917, 3011204, 'Munini', 30112),
(918, 3011205, 'Nyakamira', 30112),
(919, 3011206, 'Nyarusanga', 30112),
(920, 3011207, 'Rubazo', 30112),
(921, 3011208, 'Rubumba', 30112),
(922, 3011300, '-- Select Cell --', 30113),
(923, 3011301, 'Bihumbe', 30113),
(924, 3011302, 'Gakuta', 30113),
(925, 3011303, 'Gisovu', 30113),
(926, 3011304, 'Gitabura', 30113),
(927, 3011305, 'Kavumu', 30113),
(928, 3011306, 'Murehe', 30113),
(929, 3011307, 'Rutabi', 30113),
(930, 3020100, '-- Select Cell --', 30201),
(931, 3020101, 'Bushaka', 30201),
(932, 3020102, 'Kabihogo', 30201),
(933, 3020103, 'Nkira', 30201),
(934, 3020104, 'Remera', 30201),
(935, 3020200, '-- Select Cell --', 30202),
(936, 3020201, 'Bugina', 30202),
(937, 3020202, 'Congo-nil', 30202),
(938, 3020203, 'Mataba', 30202),
(939, 3020204, 'Murambi', 30202),
(940, 3020205, 'Ruhingo', 30202),
(941, 3020206, 'Shyembe', 30202),
(942, 3020207, 'Teba', 30202),
(943, 3020300, '-- Select Cell --', 30203),
(944, 3020301, 'Buhindure', 30203),
(945, 3020302, 'Nkora', 30203),
(946, 3020303, 'Nyagahinika', 30203),
(947, 3020304, 'Rukaragata', 30203),
(948, 3020400, '-- Select Cell --', 30204),
(949, 3020401, 'Bunyoni', 30204),
(950, 3020402, 'Bunyunju', 30204),
(951, 3020403, 'Kabere', 30204),
(952, 3020404, 'Kabujenje', 30204),
(953, 3020405, 'Karambi', 30204),
(954, 3020406, 'Nganzo', 30204),
(955, 3020500, '-- Select Cell --', 30205),
(956, 3020501, 'Haniro', 30205),
(957, 3020502, 'Muyira', 30205),
(958, 3020503, 'Tangabo', 30205),
(959, 3020600, '-- Select Cell --', 30206),
(960, 3020601, 'Kabuga', 30206),
(961, 3020602, 'Kagano', 30206),
(962, 3020603, 'Kageyo', 30206),
(963, 3020604, 'Kagusa', 30206),
(964, 3020605, 'Karambo', 30206),
(965, 3020606, 'Mwendo', 30206),
(966, 3020700, '-- Select Cell --', 30207),
(967, 3020701, 'Kirwa', 30207),
(968, 3020702, 'Mburamazi', 30207),
(969, 3020703, 'Rugeyo', 30207),
(970, 3020704, 'Twabugezi', 30207),
(971, 3020800, '-- Select Cell --', 30208),
(972, 3020801, 'Gabiro', 30208),
(973, 3020802, 'Gisiza', 30208),
(974, 3020803, 'Murambi', 30208),
(975, 3020804, 'Nyarubuye', 30208),
(976, 3020900, '-- Select Cell --', 30209),
(977, 3020901, 'Biruyi', 30209),
(978, 3020902, 'Kaguriro', 30209),
(979, 3020903, 'Magaba', 30209),
(980, 3020904, 'Rurara', 30209),
(981, 3021000, '-- Select Cell --', 30210),
(982, 3021001, 'Bumba', 30210),
(983, 3021002, 'Cyarusera', 30210),
(984, 3021003, 'Gitwa', 30210),
(985, 3021004, 'Mageragere', 30210),
(986, 3021005, 'Sure', 30210),
(987, 3021100, '-- Select Cell --', 30211),
(988, 3021101, 'Busuku', 30211),
(989, 3021102, 'Cyivugiza', 30211),
(990, 3021103, 'Mubuga', 30211),
(991, 3021104, 'Ngoma', 30211),
(992, 3021105, 'Terimbere', 30211),
(993, 3021200, '-- Select Cell --', 30212),
(994, 3021201, 'Gatare', 30212),
(995, 3021202, 'Gihira', 30212),
(996, 3021203, 'Kavumu', 30212),
(997, 3021204, 'Nyakarera', 30212),
(998, 3021205, 'Rugasa', 30212),
(999, 3021206, 'Rundoyi', 30212),
(1000, 3021300, '-- Select Cell --', 30213),
(1001, 3021301, 'Kabona', 30213),
(1002, 3021302, 'Mberi', 30213),
(1003, 3021303, 'Remera', 30213),
(1004, 3021304, 'Ruronde', 30213),
(1005, 3030100, '-- Select Cell --', 30301),
(1006, 3030101, 'Buringo', 30301),
(1007, 3030102, 'Butaka', 30301),
(1008, 3030103, 'Hehu', 30301),
(1009, 3030104, 'Kabumba', 30301),
(1010, 3030105, 'Mutovu', 30301),
(1011, 3030106, 'Nsherima', 30301),
(1012, 3030107, 'Rusiza', 30301),
(1013, 3030200, '-- Select Cell --', 30302),
(1014, 3030201, 'Gacurabwenge', 30302),
(1015, 3030202, 'Gasiza', 30302),
(1016, 3030203, 'Gihonga', 30302),
(1017, 3030204, 'Kageshi', 30302),
(1018, 3030205, 'Makoro', 30302),
(1019, 3030206, 'Nyacyonga', 30302),
(1020, 3030207, 'Rusura', 30302),
(1021, 3030300, '-- Select Cell --', 30303),
(1022, 3030301, 'Busigari', 30303),
(1023, 3030302, 'Cyanzarwe', 30303),
(1024, 3030303, 'Gora', 30303),
(1025, 3030304, 'Kinyanzovu', 30303),
(1026, 3030305, 'Makurizo', 30303),
(1027, 3030306, 'Rwangara', 30303),
(1028, 3030307, 'Rwanzekuma', 30303),
(1029, 3030308, 'Ryabizige', 30303),
(1030, 3030400, '-- Select Cell --', 30304),
(1031, 3030401, 'Amahoro', 30304),
(1032, 3030402, 'Bugoyi', 30304),
(1033, 3030403, 'Kivumu', 30304),
(1034, 3030404, 'Mbugangari', 30304),
(1035, 3030405, 'Nengo', 30304),
(1036, 3030406, 'Rubavu', 30304),
(1037, 3030407, 'Umuganda', 30304),
(1038, 3030500, '-- Select Cell --', 30305),
(1039, 3030501, 'Kamuhoza', 30305),
(1040, 3030502, 'Karambo', 30305),
(1041, 3030503, 'Mahoko', 30305),
(1042, 3030504, 'Musabike', 30305),
(1043, 3030505, 'Nkomane', 30305),
(1044, 3030506, 'Rusongati', 30305),
(1045, 3030507, 'Yungwe', 30305),
(1046, 3030600, '-- Select Cell --', 30306),
(1047, 3030601, 'Kanyirabigogo', 30306),
(1048, 3030602, 'Kirerema', 30306),
(1049, 3030603, 'Muramba', 30306),
(1050, 3030604, 'Nyamikongi', 30306),
(1051, 3030605, 'Nyamirango', 30306),
(1052, 3030606, 'Nyaruteme', 30306),
(1053, 3030700, '-- Select Cell --', 30307),
(1054, 3030701, 'Bihungwe', 30307),
(1055, 3030702, 'Kanyundo', 30307),
(1056, 3030703, 'Micinyiro', 30307),
(1057, 3030704, 'Mirindi', 30307),
(1058, 3030705, 'Ndoranyi', 30307),
(1059, 3030706, 'Rungu', 30307),
(1060, 3030707, 'Rwanyakayaga', 30307),
(1061, 3030800, '-- Select Cell --', 30308),
(1062, 3030801, 'Bisizi', 30308),
(1063, 3030802, 'Gikombe', 30308),
(1064, 3030803, 'Kanyefurwe', 30308),
(1065, 3030804, 'Nyarushyamba', 30308),
(1066, 3030900, '-- Select Cell --', 30309),
(1067, 3030901, 'Burushya', 30309),
(1068, 3030902, 'Busoro', 30309),
(1069, 3030903, 'Kinigi', 30309),
(1070, 3030904, 'Kiraga', 30309),
(1071, 3030905, 'Munanira', 30309),
(1072, 3030906, 'Rubona', 30309),
(1073, 3031000, '-- Select Cell --', 30310),
(1074, 3031001, 'Bahimba', 30310),
(1075, 3031002, 'Gatovu', 30310),
(1076, 3031003, 'Kavomo', 30310),
(1077, 3031004, 'Kigarama', 30310),
(1078, 3031005, 'Mukondo', 30310),
(1079, 3031006, 'Nyundo', 30310),
(1080, 3031007, 'Terimbere', 30310),
(1081, 3031100, '-- Select Cell --', 30311),
(1082, 3031101, 'Buhaza', 30311),
(1083, 3031102, 'Burinda', 30311),
(1084, 3031103, 'Byahi', 30311),
(1085, 3031104, 'Gikombe', 30311),
(1086, 3031105, 'Murambi', 30311),
(1087, 3031106, 'Murara', 30311),
(1088, 3031107, 'Rukoko', 30311),
(1089, 3031200, '-- Select Cell --', 30312),
(1090, 3031201, 'Basa', 30312),
(1091, 3031202, 'Gisa', 30312),
(1092, 3031203, 'Kabilizi', 30312),
(1093, 3031204, 'Muhira', 30312),
(1094, 3031205, 'Rugerero', 30312),
(1095, 3031206, 'Rushubi', 30312),
(1096, 3031207, 'Rwaza', 30312),
(1097, 3040100, '-- Select Cell --', 30401),
(1098, 3040101, 'Arusha', 30401),
(1099, 3040102, 'Basumba', 30401),
(1100, 3040103, 'Kijote', 30401),
(1101, 3040104, 'Kora', 30401),
(1102, 3040105, 'Muhe', 30401),
(1103, 3040106, 'Rega', 30401),
(1104, 3040200, '-- Select Cell --', 30402),
(1105, 3040201, 'Bukinanyana', 30402),
(1106, 3040202, 'Gasizi', 30402),
(1107, 3040203, 'Kabatezi', 30402),
(1108, 3040204, 'Kareba', 30402),
(1109, 3040205, 'Nyirakigugu', 30402),
(1110, 3040206, 'Rega', 30402),
(1111, 3040300, '-- Select Cell --', 30403),
(1112, 3040301, 'Gasiza', 30403),
(1113, 3040302, 'Gasura', 30403),
(1114, 3040303, 'Gisizi', 30403),
(1115, 3040304, 'Guriro', 30403),
(1116, 3040305, 'Kavumu', 30403),
(1117, 3040306, 'Nyamitanzi', 30403),
(1118, 3040400, '-- Select Cell --', 30404),
(1119, 3040401, 'Batikoti', 30404),
(1120, 3040402, 'Cyamvumba', 30404),
(1121, 3040403, 'Gihorwe', 30404),
(1122, 3040404, 'Myuga', 30404),
(1123, 3040405, 'Ngando', 30404),
(1124, 3040406, 'Rugarama', 30404),
(1125, 3040500, '-- Select Cell --', 30405),
(1126, 3040501, 'Busoro', 30405),
(1127, 3040502, 'Cyamabuye', 30405),
(1128, 3040503, 'Gatagara', 30405),
(1129, 3040504, 'Gihirwa', 30405),
(1130, 3040505, 'Kadahenda', 30405),
(1131, 3040506, 'Karengera', 30405),
(1132, 3040600, '-- Select Cell --', 30406),
(1133, 3040601, 'Gatovu', 30406),
(1134, 3040602, 'Kintobo', 30406),
(1135, 3040603, 'Nyagisozi', 30406),
(1136, 3040604, 'Nyamugari', 30406),
(1137, 3040605, 'Rukondo', 30406),
(1138, 3040606, 'Ryinyo', 30406),
(1139, 3040700, '-- Select Cell --', 30407),
(1140, 3040701, 'Gasizi', 30407),
(1141, 3040702, 'Jaba', 30407),
(1142, 3040703, 'Kanyove', 30407),
(1143, 3040704, 'Rubaya', 30407),
(1144, 3040705, 'Rugeshi', 30407),
(1145, 3040706, 'Rukoma', 30407),
(1146, 3040707, 'Rurengeri', 30407),
(1147, 3040800, '-- Select Cell --', 30408),
(1148, 3040801, 'Gisizi', 30408),
(1149, 3040802, 'Mulinga', 30408),
(1150, 3040803, 'Mwiyanike', 30408),
(1151, 3040804, 'Nkomane', 30408),
(1152, 3040805, 'Nyamasheke', 30408),
(1153, 3040806, 'Rwantobo', 30408),
(1154, 3040900, '-- Select Cell --', 30409),
(1155, 3040901, 'Birembo', 30409),
(1156, 3040902, 'Guriro', 30409),
(1157, 3040903, 'Kibisabo', 30409),
(1158, 3040904, 'Mutaho', 30409),
(1159, 3040905, 'Nyundo', 30409),
(1160, 3040906, 'Rugamba', 30409),
(1161, 3041000, '-- Select Cell --', 30410),
(1162, 3041001, 'Gakoro', 30410),
(1163, 3041002, 'Marangara', 30410),
(1164, 3041003, 'Nyagahondo', 30410),
(1165, 3041004, 'Nyarutembe', 30410),
(1166, 3041005, 'Rurembo', 30410),
(1167, 3041006, 'Tyazo', 30410),
(1168, 3041100, '-- Select Cell --', 30411),
(1169, 3041101, 'Gahondo', 30411),
(1170, 3041102, 'Gitega', 30411),
(1171, 3041103, 'Kirimbogo', 30411),
(1172, 3041104, 'Murambi', 30411),
(1173, 3041105, 'Mwana', 30411),
(1174, 3041106, 'Rwaza', 30411),
(1175, 3041200, '-- Select Cell --', 30412),
(1176, 3041201, 'Cyimanzovu', 30412),
(1177, 3041202, 'Kanyamitana', 30412),
(1178, 3041203, 'Kintarure', 30412),
(1179, 3041204, 'Mpinga', 30412),
(1180, 3041205, 'Mutanda', 30412),
(1181, 3041206, 'Shaki', 30412),
(1182, 3050100, '-- Select Cell --', 30501),
(1183, 3050101, 'Bungwe', 30501),
(1184, 3050102, 'Cyahafi', 30501),
(1185, 3050103, 'Gashubi', 30501),
(1186, 3050104, 'Kabarondo', 30501),
(1187, 3050105, 'Ruhindage', 30501),
(1188, 3050200, '-- Select Cell --', 30502),
(1189, 3050201, 'Cyome', 30502),
(1190, 3050202, 'Gatsibo', 30502),
(1191, 3050203, 'Kamasiga', 30502),
(1192, 3050204, 'Karambo', 30502),
(1193, 3050205, 'Ruhanga', 30502),
(1194, 3050206, 'Rusumo', 30502),
(1195, 3050300, '-- Select Cell --', 30503),
(1196, 3050301, 'Gatare', 30503),
(1197, 3050302, 'Gatega', 30503),
(1198, 3050303, 'Kajinge', 30503),
(1199, 3050304, 'Marantima', 30503),
(1200, 3050305, 'Rugendabari', 30503),
(1201, 3050306, 'Runyinya', 30503),
(1202, 3050400, '-- Select Cell --', 30504),
(1203, 3050401, 'Busunzu', 30504),
(1204, 3050402, 'Gaseke', 30504),
(1205, 3050403, 'Kabaya', 30504),
(1206, 3050404, 'Mwendo', 30504),
(1207, 3050405, 'Ngoma', 30504),
(1208, 3050406, 'Nyenyeri', 30504),
(1209, 3050500, '-- Select Cell --', 30505),
(1210, 3050501, 'Kageshi', 30505),
(1211, 3050502, 'Kirwa', 30505),
(1212, 3050503, 'Mukore', 30505),
(1213, 3050504, 'Muramba', 30505),
(1214, 3050505, 'Nyamata', 30505),
(1215, 3050506, 'Rwamamara', 30505),
(1216, 3050600, '-- Select Cell --', 30506),
(1217, 3050601, 'Birembo', 30506),
(1218, 3050602, 'Gitwa', 30506),
(1219, 3050603, 'Murinzi', 30506),
(1220, 3050604, 'Nyamugeyo', 30506),
(1221, 3050605, 'Rugeshi', 30506),
(1222, 3050606, 'Tetero', 30506),
(1223, 3050700, '-- Select Cell --', 30507),
(1224, 3050701, 'Binana', 30507),
(1225, 3050702, 'Gitega', 30507),
(1226, 3050703, 'Matare', 30507),
(1227, 3050704, 'Rutare', 30507),
(1228, 3050705, 'Rwamiko', 30507),
(1229, 3050800, '-- Select Cell --', 30508),
(1230, 3050801, 'Bugarura', 30508),
(1231, 3050802, 'Gasiza', 30508),
(1232, 3050803, 'Mashya', 30508),
(1233, 3050804, 'Nganzo', 30508),
(1234, 3050805, 'Ngoma', 30508),
(1235, 3050806, 'Rutagara', 30508),
(1236, 3050900, '-- Select Cell --', 30509),
(1237, 3050901, 'Bweramana', 30509),
(1238, 3050902, 'Mubuga', 30509),
(1239, 3050903, 'Myiha', 30509),
(1240, 3050904, 'Rugogwe', 30509),
(1241, 3050905, 'Rusororo', 30509),
(1242, 3050906, 'Sanza', 30509),
(1243, 3051000, '-- Select Cell --', 30510),
(1244, 3051001, 'Bijyojyo', 30510),
(1245, 3051002, 'Bitabage', 30510),
(1246, 3051003, 'Kabageshi', 30510),
(1247, 3051004, 'Kibanda', 30510),
(1248, 3051005, 'Kinyovi', 30510),
(1249, 3051100, '-- Select Cell --', 30511),
(1250, 3051101, 'Kaseke', 30511),
(1251, 3051102, 'Kazabe', 30511),
(1252, 3051103, 'Mugano', 30511),
(1253, 3051104, 'Nyange', 30511),
(1254, 3051105, 'Rususa', 30511),
(1255, 3051106, 'Torero', 30511),
(1256, 3051200, '-- Select Cell --', 30512),
(1257, 3051201, 'Bambiro', 30512),
(1258, 3051202, 'Gaseke', 30512),
(1259, 3051203, 'Nsibo', 30512),
(1260, 3051204, 'Vuganyana', 30512),
(1261, 3051300, '-- Select Cell --', 30513),
(1262, 3051301, 'Birembo', 30513),
(1263, 3051302, 'Kagano', 30513),
(1264, 3051303, 'Kanyana', 30513),
(1265, 3051304, 'Musenyi', 30513),
(1266, 3051305, 'Nyabipfura', 30513),
(1267, 3051306, 'Rutovu', 30513),
(1268, 3060100, '-- Select Cell --', 30601),
(1269, 3060101, 'Nyange', 30601),
(1270, 3060102, 'Pera', 30601),
(1271, 3060103, 'Ryankana', 30601),
(1272, 3060200, '-- Select Cell --', 30602),
(1273, 3060201, 'Butanda', 30602),
(1274, 3060202, 'Gatereri', 30602),
(1275, 3060203, 'Nyamihanda', 30602),
(1276, 3060204, 'Rwambogo', 30602),
(1277, 3060300, '-- Select Cell --', 30603),
(1278, 3060301, 'Gikungu', 30603),
(1279, 3060302, 'Kiyabo', 30603),
(1280, 3060303, 'Murwa', 30603),
(1281, 3060304, 'Nyamuzi', 30603),
(1282, 3060305, 'Rasano', 30603),
(1283, 3060400, '-- Select Cell --', 30604),
(1284, 3060401, 'Birembo', 30604),
(1285, 3060402, 'Buhokoro', 30604),
(1286, 3060403, 'Kabakobwa', 30604),
(1287, 3060404, 'Kacyuma', 30604),
(1288, 3060405, 'Kamurehe', 30604),
(1289, 3060406, 'Karemereye', 30604),
(1290, 3060407, 'Muti', 30604),
(1291, 3060408, 'Rusayo', 30604),
(1292, 3060500, '-- Select Cell --', 30605),
(1293, 3060501, 'Cyendajuru', 30605),
(1294, 3060502, 'Gakomeye', 30605),
(1295, 3060503, 'Giheke', 30605),
(1296, 3060504, 'Kamashangi', 30605),
(1297, 3060505, 'Kigenge', 30605),
(1298, 3060506, 'Ntura', 30605),
(1299, 3060507, 'Rwega', 30605),
(1300, 3060508, 'Turambi', 30605),
(1301, 3060600, '-- Select Cell --', 30606),
(1302, 3060601, 'Burunga', 30606),
(1303, 3060602, 'Gatsiro', 30606),
(1304, 3060603, 'Gihaya', 30606),
(1305, 3060604, 'Kagara', 30606),
(1306, 3060605, 'Kamatita', 30606),
(1307, 3060606, 'Shagasha', 30606),
(1308, 3060700, '-- Select Cell --', 30607),
(1309, 3060701, 'Kizura', 30607),
(1310, 3060702, 'Mpinga', 30607),
(1311, 3060703, 'Nyamigina', 30607),
(1312, 3060800, '-- Select Cell --', 30608),
(1313, 3060801, 'Cyingwa', 30608),
(1314, 3060802, 'Gahungeri', 30608),
(1315, 3060803, 'Hangabashi', 30608),
(1316, 3060804, 'Mashesha', 30608),
(1317, 3060900, '-- Select Cell --', 30609),
(1318, 3060901, 'Cyangugu', 30609),
(1319, 3060902, 'Gihundwe', 30609),
(1320, 3060903, 'Kamashangi', 30609),
(1321, 3060904, 'Kamurera', 30609),
(1322, 3060905, 'Ruganda', 30609),
(1323, 3061000, '-- Select Cell --', 30610),
(1324, 3061001, 'Cyarukara', 30610),
(1325, 3061002, 'Gakoni', 30610),
(1326, 3061003, 'Shara', 30610),
(1327, 3061100, '-- Select Cell --', 30611),
(1328, 3061101, 'Gahinga', 30611),
(1329, 3061102, 'Kabahinda', 30611),
(1330, 3061103, 'Kabasigirira', 30611),
(1331, 3061104, 'Kagarama', 30611),
(1332, 3061105, 'Karambi', 30611),
(1333, 3061106, 'Miko', 30611),
(1334, 3061107, 'Tara', 30611),
(1335, 3061200, '-- Select Cell --', 30612),
(1336, 3061201, 'Gitwa', 30612),
(1337, 3061202, 'Kamanyenga', 30612),
(1338, 3061203, 'Kangazi', 30612),
(1339, 3061204, 'Kinyaga', 30612),
(1340, 3061205, 'Rugabano', 30612),
(1341, 3061300, '-- Select Cell --', 30613),
(1342, 3061301, 'Bigoga', 30613),
(1343, 3061302, 'Bugarura', 30613),
(1344, 3061303, 'Ishywa', 30613),
(1345, 3061304, 'Kamagimbo', 30613),
(1346, 3061305, 'Rwenje', 30613),
(1347, 3061400, '-- Select Cell --', 30614),
(1348, 3061401, 'Gatare', 30614),
(1349, 3061402, 'Kiziguro', 30614),
(1350, 3061403, 'Mataba', 30614),
(1351, 3061404, 'Ryamuhirwa', 30614),
(1352, 3061500, '-- Select Cell --', 30615),
(1353, 3061501, 'Gasebeya', 30615),
(1354, 3061502, 'Gaseke', 30615),
(1355, 3061503, 'Kamanu', 30615),
(1356, 3061504, 'Kiziho', 30615),
(1357, 3061505, 'Mashyuza', 30615),
(1358, 3061506, 'Nyabintare', 30615),
(1359, 3061600, '-- Select Cell --', 30616),
(1360, 3061601, 'Gatare', 30616),
(1361, 3061602, 'Kabagina', 30616),
(1362, 3061603, 'Kabuye', 30616),
(1363, 3061604, 'Kanoga', 30616),
(1364, 3061605, 'Karangiro', 30616),
(1365, 3061606, 'Murambi', 30616),
(1366, 3061607, 'Rusambu', 30616),
(1367, 3061700, '-- Select Cell --', 30617),
(1368, 3061701, 'Butambamo', 30617),
(1369, 3061702, 'Kigenge', 30617),
(1370, 3061703, 'Murya', 30617),
(1371, 3061704, 'Nyenji', 30617),
(1372, 3061705, 'Rebero', 30617),
(1373, 3061706, 'Rwinzuki', 30617),
(1374, 3061800, '-- Select Cell --', 30618),
(1375, 3061801, 'Karenge', 30618),
(1376, 3061802, 'Muhehwe', 30618),
(1377, 3061803, 'Mushaka', 30618),
(1378, 3061804, 'Rubugu', 30618),
(1379, 3061805, 'Ruganda', 30618),
(1380, 3070100, '-- Select Cell --', 30701),
(1381, 3070101, 'Buvungira', 30701),
(1382, 3070102, 'Mpumbu', 30701),
(1383, 3070103, 'Ngoma', 30701),
(1384, 3070104, 'Nyarusange', 30701),
(1385, 3070200, '-- Select Cell --', 30702),
(1386, 3070201, 'Gasheke', 30702),
(1387, 3070202, 'Impala', 30702),
(1388, 3070203, 'Kagatamu', 30702),
(1389, 3070204, 'Karusimbi', 30702),
(1390, 3070300, '-- Select Cell --', 30703),
(1391, 3070301, 'Bisumo', 30703),
(1392, 3070302, 'Murambi', 30703),
(1393, 3070303, 'Mutongo', 30703),
(1394, 3070304, 'Rugari', 30703),
(1395, 3070400, '-- Select Cell --', 30704),
(1396, 3070401, 'Butare', 30704),
(1397, 3070402, 'Gitwa', 30704),
(1398, 3070403, 'Jarama', 30704),
(1399, 3070404, 'Kibingo', 30704),
(1400, 3070405, 'Mubuga', 30704),
(1401, 3070500, '-- Select Cell --', 30705),
(1402, 3070501, 'Gako', 30705),
(1403, 3070502, 'Mubumbano', 30705),
(1404, 3070503, 'Ninzi', 30705),
(1405, 3070504, 'Rwesero', 30705),
(1406, 3070505, 'Shara', 30705),
(1407, 3070600, '-- Select Cell --', 30706),
(1408, 3070601, 'Kibogora', 30706),
(1409, 3070602, 'Kigarama', 30706),
(1410, 3070603, 'Kigoya', 30706),
(1411, 3070604, 'Raro', 30706),
(1412, 3070605, 'Susa', 30706),
(1413, 3070700, '-- Select Cell --', 30707),
(1414, 3070701, 'Gasovu', 30707),
(1415, 3070702, 'Gitwe', 30707),
(1416, 3070703, 'Kabuga', 30707),
(1417, 3070704, 'Kagarama', 30707),
(1418, 3070705, 'Rushyarara', 30707),
(1419, 3070800, '-- Select Cell --', 30708),
(1420, 3070801, 'Gasayo', 30708),
(1421, 3070802, 'Gashashi', 30708),
(1422, 3070803, 'Higiro', 30708),
(1423, 3070804, 'Miko', 30708),
(1424, 3070805, 'Mwezi', 30708),
(1425, 3070900, '-- Select Cell --', 30709),
(1426, 3070901, 'Cyimpindu', 30709),
(1427, 3070902, 'Karengera', 30709),
(1428, 3070903, 'Muhororo', 30709),
(1429, 3070904, 'Nyarusange', 30709),
(1430, 3071000, '-- Select Cell --', 30710),
(1431, 3071001, 'Gatare', 30710),
(1432, 3071002, 'Mutongo', 30710),
(1433, 3071003, 'Nyakabingo', 30710),
(1434, 3071004, 'Rugari', 30710),
(1435, 3071005, 'Vugangoma', 30710),
(1436, 3071100, '-- Select Cell --', 30711),
(1437, 3071101, 'Gisoke', 30711),
(1438, 3071102, 'Kagarama', 30711),
(1439, 3071103, 'Nyagatare', 30711),
(1440, 3071104, 'Nyakavumu', 30711),
(1441, 3071200, '-- Select Cell --', 30712),
(1442, 3071201, 'Kigabiro', 30712),
(1443, 3071202, 'Kinunga', 30712),
(1444, 3071203, 'Mariba', 30712),
(1445, 3071204, 'Muyange', 30712),
(1446, 3071205, 'Ntango', 30712),
(1447, 3071300, '-- Select Cell --', 30713),
(1448, 3071301, 'Banda', 30713),
(1449, 3071302, 'Gakenke', 30713),
(1450, 3071303, 'Jurwe', 30713),
(1451, 3071304, 'Murambi', 30713),
(1452, 3071400, '-- Select Cell --', 30714),
(1453, 3071401, 'Kanazi', 30714),
(1454, 3071402, 'Ntendezi', 30714),
(1455, 3071403, 'Save', 30714),
(1456, 3071404, 'Wimana', 30714),
(1457, 3071500, '-- Select Cell --', 30715),
(1458, 3071501, 'Burimba', 30715),
(1459, 3071502, 'Mataba', 30715),
(1460, 3071503, 'Mugera', 30715),
(1461, 3071504, 'Nyamugari', 30715),
(1462, 3071505, 'Shangi', 30715),
(1463, 4010100, '-- Select Cell --', 40101),
(1464, 4010101, 'Cyohoha', 40101),
(1465, 4010102, 'Gitare', 40101),
(1466, 4010103, 'Rwamahwa', 40101),
(1467, 4010200, '-- Select Cell --', 40102),
(1468, 4010201, 'Butangampundu', 40102),
(1469, 4010202, 'Karengeri', 40102),
(1470, 4010203, 'Taba', 40102),
(1471, 4010300, '-- Select Cell --', 40103);
INSERT INTO `cells` (`id`, `codecell`, `nameCell`, `sectorcode`) VALUES
(1472, 4010301, 'Gasiza', 40103),
(1473, 4010302, 'Giko', 40103),
(1474, 4010303, 'Kayenzi', 40103),
(1475, 4010304, 'Mukoto', 40103),
(1476, 4010305, 'Nyirangarama', 40103),
(1477, 4010400, '-- Select Cell --', 40104),
(1478, 4010401, 'Busoro', 40104),
(1479, 4010402, 'Butare', 40104),
(1480, 4010403, 'Gahororo', 40104),
(1481, 4010404, 'Gitumba', 40104),
(1482, 4010405, 'Karama', 40104),
(1483, 4010406, 'Mwumba', 40104),
(1484, 4010407, 'Ndarage', 40104),
(1485, 4010500, '-- Select Cell --', 40105),
(1486, 4010501, 'Budakiranya', 40105),
(1487, 4010502, 'Migendezo', 40105),
(1488, 4010503, 'Rudogo', 40105),
(1489, 4010600, '-- Select Cell --', 40106),
(1490, 4010601, 'Burehe', 40106),
(1491, 4010602, 'Marembo', 40106),
(1492, 4010603, 'Rwili', 40106),
(1493, 4010700, '-- Select Cell --', 40107),
(1494, 4010701, 'Butunzi', 40107),
(1495, 4010702, 'Karegamazi', 40107),
(1496, 4010703, 'Marembo', 40107),
(1497, 4010704, 'Rebero', 40107),
(1498, 4010800, '-- Select Cell --', 40108),
(1499, 4010801, 'Gitatsa', 40108),
(1500, 4010802, 'Kamushenyi', 40108),
(1501, 4010803, 'Kigarama', 40108),
(1502, 4010804, 'Mubuga', 40108),
(1503, 4010805, 'Murama', 40108),
(1504, 4010806, 'Sayo', 40108),
(1505, 4010900, '-- Select Cell --', 40109),
(1506, 4010901, 'Kabuga', 40109),
(1507, 4010902, 'Kigarama', 40109),
(1508, 4010903, 'Kivugiza', 40109),
(1509, 4010904, 'Nyamyumba', 40109),
(1510, 4010905, 'Shengampuli', 40109),
(1511, 4011000, '-- Select Cell --', 40110),
(1512, 4011001, 'Bukoro', 40110),
(1513, 4011002, 'Mushari', 40110),
(1514, 4011003, 'Ngiramazi', 40110),
(1515, 4011004, 'Rurenge', 40110),
(1516, 4011100, '-- Select Cell --', 40111),
(1517, 4011101, 'Bubangu', 40111),
(1518, 4011102, 'Gatwa', 40111),
(1519, 4011103, 'Mugambazi', 40111),
(1520, 4011104, 'Mvuzo', 40111),
(1521, 4011200, '-- Select Cell --', 40112),
(1522, 4011201, 'Kabuga', 40112),
(1523, 4011202, 'Karambo', 40112),
(1524, 4011203, 'Mugote', 40112),
(1525, 4011204, 'Munyarwanda', 40112),
(1526, 4011300, '-- Select Cell --', 40113),
(1527, 4011301, 'Kajevuba', 40113),
(1528, 4011302, 'Kiyanza', 40113),
(1529, 4011303, 'Mahaza', 40113),
(1530, 4011400, '-- Select Cell --', 40114),
(1531, 4011401, 'Buraro', 40114),
(1532, 4011402, 'Bwimo', 40114),
(1533, 4011403, 'Mberuka', 40114),
(1534, 4011404, 'Mbuye', 40114),
(1535, 4011500, '-- Select Cell --', 40115),
(1536, 4011501, 'Gako', 40115),
(1537, 4011502, 'Kirenge', 40115),
(1538, 4011503, 'Taba', 40115),
(1539, 4011600, '-- Select Cell --', 40116),
(1540, 4011601, 'Bugaragara', 40116),
(1541, 4011602, 'Kijabagwe', 40116),
(1542, 4011603, 'Muvumu', 40116),
(1543, 4011604, 'Rubona', 40116),
(1544, 4011605, 'Rutonde', 40116),
(1545, 4011700, '-- Select Cell --', 40117),
(1546, 4011701, 'Barari', 40117),
(1547, 4011702, 'Gahabwa', 40117),
(1548, 4011703, 'Misezero', 40117),
(1549, 4011704, 'Nyirabirori', 40117),
(1550, 4011705, 'Taba', 40117),
(1551, 4020100, '-- Select Cell --', 40201),
(1552, 4020101, 'Birambo ', 40201),
(1553, 4020102, 'Butereri ', 40201),
(1554, 4020103, 'Byibuhiro ', 40201),
(1555, 4020104, 'Kamina ', 40201),
(1556, 4020105, 'Kirabo ', 40201),
(1557, 4020106, 'Mwumba ', 40201),
(1558, 4020107, 'Ruhanga ', 40201),
(1559, 4020200, '-- Select Cell --', 40202),
(1560, 4020201, 'Kiruku ', 40202),
(1561, 4020202, 'Mbirima ', 40202),
(1562, 4020203, 'Nyange ', 40202),
(1563, 4020204, 'Nyanza ', 40202),
(1564, 4020300, '-- Select Cell --', 40203),
(1565, 4020301, 'Muhaza ', 40203),
(1566, 4020302, 'Muhororo ', 40203),
(1567, 4020303, 'Muramba ', 40203),
(1568, 4020304, 'Mutanda ', 40203),
(1569, 4020305, 'Rukore ', 40203),
(1570, 4020400, '-- Select Cell --', 40204),
(1571, 4020401, 'Buheta ', 40204),
(1572, 4020402, 'Kagoma ', 40204),
(1573, 4020403, 'Nganzo ', 40204),
(1574, 4020404, 'Rusagara ', 40204),
(1575, 4020500, '-- Select Cell --', 40205),
(1576, 4020501, 'Nyacyina ', 40205),
(1577, 4020502, 'Rukura ', 40205),
(1578, 4020503, 'Rutabo ', 40205),
(1579, 4020504, 'Rutenderi ', 40205),
(1580, 4020505, 'Taba ', 40205),
(1581, 4020600, '-- Select Cell --', 40206),
(1582, 4020601, 'Gakindo ', 40206),
(1583, 4020602, 'Gashyamba ', 40206),
(1584, 4020603, 'Gatwa ', 40206),
(1585, 4020604, 'Karukungu ', 40206),
(1586, 4020700, '-- Select Cell --', 40207),
(1587, 4020701, 'Kamubuga ', 40207),
(1588, 4020702, 'Kidomo ', 40207),
(1589, 4020703, 'Mbatabata ', 40207),
(1590, 4020704, 'Rukore ', 40207),
(1591, 4020800, '-- Select Cell --', 40208),
(1592, 4020801, 'Kanyanza ', 40208),
(1593, 4020802, 'Karambo ', 40208),
(1594, 4020803, 'Kirebe ', 40208),
(1595, 4020900, '-- Select Cell --', 40209),
(1596, 4020901, 'Cyintare ', 40209),
(1597, 4020902, 'Gasiza ', 40209),
(1598, 4020903, 'Rugimbu ', 40209),
(1599, 4020904, 'Ruhinga ', 40209),
(1600, 4020905, 'Sereri ', 40209),
(1601, 4021000, '-- Select Cell --', 40210),
(1602, 4021001, 'Buyange ', 40210),
(1603, 4021002, 'Gikombe ', 40210),
(1604, 4021003, 'Nyundo ', 40210),
(1605, 4021100, '-- Select Cell --', 40211),
(1606, 4021101, 'Gasiho ', 40211),
(1607, 4021102, 'Munyana ', 40211),
(1608, 4021103, 'Murambi ', 40211),
(1609, 4021104, 'Raba ', 40211),
(1610, 4021200, '-- Select Cell --', 40212),
(1611, 4021201, 'Gahinga ', 40212),
(1612, 4021202, 'Munyana ', 40212),
(1613, 4021203, 'Mutego ', 40212),
(1614, 4021204, 'Nkomane ', 40212),
(1615, 4021205, 'Rutabo ', 40212),
(1616, 4021206, 'Rutenderi ', 40212),
(1617, 4021207, 'Rwamambe ', 40212),
(1618, 4021300, '-- Select Cell --', 40213),
(1619, 4021301, 'Busake', 40213),
(1620, 4021302, 'Bwenda', 40213),
(1621, 4021303, 'Gasiza ', 40213),
(1622, 4021304, 'Gihinga ', 40213),
(1623, 4021305, 'Huro ', 40213),
(1624, 4021306, 'Musagara ', 40213),
(1625, 4021307, 'Musenyi ', 40213),
(1626, 4021308, 'Ruganda ', 40213),
(1627, 4021309, 'Rwinkuba ', 40213),
(1628, 4021400, '-- Select Cell --', 40214),
(1629, 4021401, 'Bumba ', 40214),
(1630, 4021402, 'Gisiza ', 40214),
(1631, 4021403, 'Karyango ', 40214),
(1632, 4021404, 'Nganzo ', 40214),
(1633, 4021405, 'Va ', 40214),
(1634, 4021500, '-- Select Cell --', 40215),
(1635, 4021501, 'Kabatezi ', 40215),
(1636, 4021502, 'Kiryamo ', 40215),
(1637, 4021503, 'Mubuga ', 40215),
(1638, 4021504, 'Mwiyando ', 40215),
(1639, 4021505, 'Rwa ', 40215),
(1640, 4021600, '-- Select Cell --', 40216),
(1641, 4021601, 'Buranga ', 40216),
(1642, 4021602, 'Gahinga ', 40216),
(1643, 4021603, 'Gisozi ', 40216),
(1644, 4021604, 'Mucaca ', 40216),
(1645, 4021700, '-- Select Cell --', 40217),
(1646, 4021701, 'Busoro ', 40217),
(1647, 4021702, 'Gikingo ', 40217),
(1648, 4021703, 'Jango ', 40217),
(1649, 4021704, 'Ruli ', 40217),
(1650, 4021705, 'Rwesero ', 40217),
(1651, 4021800, '-- Select Cell --', 40218),
(1652, 4021801, 'Gataba ', 40218),
(1653, 4021802, 'Kamonyi ', 40218),
(1654, 4021803, 'Murambi ', 40218),
(1655, 4021804, 'Nyundo ', 40218),
(1656, 4021805, 'Rumbi ', 40218),
(1657, 4021806, 'Rurembo ', 40218),
(1658, 4021900, '-- Select Cell --', 40219),
(1659, 4021901, 'Burimba ', 40219),
(1660, 4021902, 'Busanane ', 40219),
(1661, 4021903, 'Joma ', 40219),
(1662, 4021904, 'Kageyo ', 40219),
(1663, 4021905, 'Mbogo ', 40219),
(1664, 4021906, 'Razi ', 40219),
(1665, 4021907, 'Rwankuba ', 40219),
(1666, 4021908, 'Shyombwe ', 40219),
(1667, 4030100, '-- Select Cell --', 40301),
(1668, 4030101, 'Gisesero', 40301),
(1669, 4030102, 'Kavumu', 40301),
(1670, 4030103, 'Nyagisozi', 40301),
(1671, 4030104, 'Sahara', 40301),
(1672, 4030200, '-- Select Cell --', 40302),
(1673, 4030201, 'Bukinanyana', 40302),
(1674, 4030202, 'Buruba', 40302),
(1675, 4030203, 'Cyanya', 40302),
(1676, 4030204, 'Kabeza', 40302),
(1677, 4030205, 'Migeshi', 40302),
(1678, 4030206, 'Rwebeya', 40302),
(1679, 4030300, '-- Select Cell --', 40303),
(1680, 4030301, 'Gakoro', 40303),
(1681, 4030302, 'Gasakuza', 40303),
(1682, 4030303, 'Kabirizi', 40303),
(1683, 4030304, 'Karwasa', 40303),
(1684, 4030400, '-- Select Cell --', 40304),
(1685, 4030401, 'Kigabiro', 40304),
(1686, 4030402, 'Kivumu', 40304),
(1687, 4030403, 'Mbwe', 40304),
(1688, 4030404, 'Muharuro', 40304),
(1689, 4030500, '-- Select Cell --', 40305),
(1690, 4030501, 'Mudakama', 40305),
(1691, 4030502, 'Murago', 40305),
(1692, 4030503, 'Rubindi', 40305),
(1693, 4030504, 'Rungu', 40305),
(1694, 4030600, '-- Select Cell --', 40306),
(1695, 4030601, 'Birira', 40306),
(1696, 4030602, 'Buramira', 40306),
(1697, 4030603, 'Kivumu', 40306),
(1698, 4030604, 'Mbizi', 40306),
(1699, 4030700, '-- Select Cell --', 40307),
(1700, 4030701, 'Bisoke', 40307),
(1701, 4030702, 'Kaguhu', 40307),
(1702, 4030703, 'Kampanga', 40307),
(1703, 4030704, 'Nyabigoma', 40307),
(1704, 4030705, 'Nyonirima', 40307),
(1705, 4030800, '-- Select Cell --', 40308),
(1706, 4030801, 'Cyabararika', 40308),
(1707, 4030802, 'Kigombe', 40308),
(1708, 4030803, 'Mpenge', 40308),
(1709, 4030804, 'Ruhengeri', 40308),
(1710, 4030900, '-- Select Cell --', 40309),
(1711, 4030901, 'Cyivugiza', 40309),
(1712, 4030902, 'Cyogo', 40309),
(1713, 4030903, 'Mburabuturo', 40309),
(1714, 4030904, 'Songa', 40309),
(1715, 4031000, '-- Select Cell --', 40310),
(1716, 4031001, 'Cyabagarura', 40310),
(1717, 4031002, 'Garuka', 40310),
(1718, 4031003, 'Kabazungu', 40310),
(1719, 4031004, 'Nyarubuye', 40310),
(1720, 4031005, 'Rwambogo', 40310),
(1721, 4031100, '-- Select Cell --', 40311),
(1722, 4031101, 'Bikara', 40311),
(1723, 4031102, 'Gashinga', 40311),
(1724, 4031103, 'Mubago', 40311),
(1725, 4031104, 'Rugeshi', 40311),
(1726, 4031105, 'Ruyumba', 40311),
(1727, 4031200, '-- Select Cell --', 40312),
(1728, 4031201, 'Cyivugiza', 40312),
(1729, 4031202, 'Kabeza', 40312),
(1730, 4031203, 'Kamwumba', 40312),
(1731, 4031204, 'Muhabura', 40312),
(1732, 4031205, 'Ninda', 40312),
(1733, 4031300, '-- Select Cell --', 40313),
(1734, 4031301, 'Gasongero', 40313),
(1735, 4031302, 'Kamisave', 40313),
(1736, 4031303, 'Murandi', 40313),
(1737, 4031304, 'Murwa', 40313),
(1738, 4031305, 'Rurambo', 40313),
(1739, 4031400, '-- Select Cell --', 40314),
(1740, 4031401, 'Bumara', 40314),
(1741, 4031402, 'Kabushinge', 40314),
(1742, 4031403, 'Musezero', 40314),
(1743, 4031404, 'Nturo', 40314),
(1744, 4031405, 'Nyarubuye', 40314),
(1745, 4031500, '-- Select Cell --', 40315),
(1746, 4031501, 'Gakingo', 40315),
(1747, 4031502, 'Kibuguzo', 40315),
(1748, 4031503, 'Mudende', 40315),
(1749, 4031504, 'Mugari', 40315),
(1750, 4040100, '-- Select Cell --', 40401),
(1751, 4040101, 'Bungwe', 40401),
(1752, 4040102, 'Bushenya', 40401),
(1753, 4040103, 'Mudugari', 40401),
(1754, 4040104, 'Tumba', 40401),
(1755, 4040200, '-- Select Cell --', 40402),
(1756, 4040201, 'Gatsibo', 40402),
(1757, 4040202, 'Mubuga', 40402),
(1758, 4040203, 'Muhotora', 40402),
(1759, 4040204, 'Nyamicucu', 40402),
(1760, 4040205, 'Rusumo', 40402),
(1761, 4040300, '-- Select Cell --', 40403),
(1762, 4040301, 'Gasiza', 40403),
(1763, 4040302, 'Gisovu', 40403),
(1764, 4040303, 'Kabyiniro', 40403),
(1765, 4040304, 'Kagitega', 40403),
(1766, 4040305, 'Kamanyana', 40403),
(1767, 4040306, 'Nyagahinga', 40403),
(1768, 4040400, '-- Select Cell --', 40404),
(1769, 4040401, 'Butare', 40404),
(1770, 4040402, 'Ndongozi', 40404),
(1771, 4040403, 'Ruyange', 40404),
(1772, 4040500, '-- Select Cell --', 40405),
(1773, 4040501, 'Buramba', 40405),
(1774, 4040502, 'Gisizi', 40405),
(1775, 4040503, 'Kidakama', 40405),
(1776, 4040504, 'Nyangwe', 40405),
(1777, 4040505, 'Rwasa', 40405),
(1778, 4040600, '-- Select Cell --', 40406),
(1779, 4040601, 'Gabiro', 40406),
(1780, 4040602, 'Musenda', 40406),
(1781, 4040603, 'Rwambogo', 40406),
(1782, 4040604, 'Rwasa', 40406),
(1783, 4040700, '-- Select Cell --', 40407),
(1784, 4040701, 'Mariba', 40407),
(1785, 4040702, 'Musasa', 40407),
(1786, 4040703, 'Runoga', 40407),
(1787, 4040800, '-- Select Cell --', 40408),
(1788, 4040801, 'Kabaya', 40408),
(1789, 4040802, 'Kayenzi', 40408),
(1790, 4040803, 'Kiringa', 40408),
(1791, 4040804, 'Nyamabuye', 40408),
(1792, 4040900, '-- Select Cell --', 40409),
(1793, 4040901, 'Gafuka', 40409),
(1794, 4040902, 'Nkenke', 40409),
(1795, 4040903, 'Nkumba', 40409),
(1796, 4040904, 'Ntaruka', 40409),
(1797, 4041000, '-- Select Cell --', 40410),
(1798, 4041001, 'Bugamba', 40410),
(1799, 4041002, 'Kaganda', 40410),
(1800, 4041003, 'Musasa', 40410),
(1801, 4041004, 'Rutovu', 40410),
(1802, 4041100, '-- Select Cell --', 40411),
(1803, 4041101, 'Bukwashuri', 40411),
(1804, 4041102, 'Gashanje', 40411),
(1805, 4041103, 'Murwa', 40411),
(1806, 4041104, 'Nyirataba', 40411),
(1807, 4041200, '-- Select Cell --', 40412),
(1808, 4041201, 'Kivumu', 40412),
(1809, 4041202, 'Nyamugari', 40412),
(1810, 4041203, 'Rubona', 40412),
(1811, 4041204, 'Rushara', 40412),
(1812, 4041300, '-- Select Cell --', 40413),
(1813, 4041301, 'Cyahi', 40413),
(1814, 4041302, 'Gafumba', 40413),
(1815, 4041303, 'Karangara', 40413),
(1816, 4041304, 'Rurembo', 40413),
(1817, 4041400, '-- Select Cell --', 40414),
(1818, 4041401, 'Kilibata', 40414),
(1819, 4041402, 'Mucaca', 40414),
(1820, 4041403, 'Nyanamo', 40414),
(1821, 4041404, 'Rukandabyuma', 40414),
(1822, 4041500, '-- Select Cell --', 40415),
(1823, 4041501, 'Gaseke', 40415),
(1824, 4041502, 'Gatare', 40415),
(1825, 4041503, 'Gitovu', 40415),
(1826, 4041504, 'Rusekera', 40415),
(1827, 4041600, '-- Select Cell --', 40416),
(1828, 4041601, 'Kabona', 40416),
(1829, 4041602, 'Ndago', 40416),
(1830, 4041603, 'Ruhanga', 40416),
(1831, 4041700, '-- Select Cell --', 40417),
(1832, 4041701, 'Gacundura', 40417),
(1833, 4041702, 'Gashoro', 40417),
(1834, 4041703, 'Ruconsho', 40417),
(1835, 4041704, 'Rugari', 40417),
(1836, 4050100, '-- Select Cell --', 40501),
(1837, 4050101, 'Karenge', 40501),
(1838, 4050102, 'Kigabiro', 40501),
(1839, 4050103, 'Kivumu', 40501),
(1840, 4050104, 'Rwesero', 40501),
(1841, 4050200, '-- Select Cell --', 40502),
(1842, 4050201, 'Bwisige', 40502),
(1843, 4050202, 'Gihuke', 40502),
(1844, 4050203, 'Mukono', 40502),
(1845, 4050204, 'Nyabushingitwa', 40502),
(1846, 4050300, '-- Select Cell --', 40503),
(1847, 4050301, 'Gacurabwenge', 40503),
(1848, 4050302, 'Gisuna', 40503),
(1849, 4050303, 'Kibali', 40503),
(1850, 4050304, 'Kivugiza', 40503),
(1851, 4050305, 'Murama', 40503),
(1852, 4050306, 'Ngondore', 40503),
(1853, 4050307, 'Nyakabungo', 40503),
(1854, 4050308, 'Nyamabuye', 40503),
(1855, 4050309, 'Nyarutarama', 40503),
(1856, 4050400, '-- Select Cell --', 40504),
(1857, 4050401, 'Gasunzu', 40504),
(1858, 4050402, 'Muhambo', 40504),
(1859, 4050403, 'Nyakabungo', 40504),
(1860, 4050404, 'Nyambare', 40504),
(1861, 4050405, 'Nyaruka', 40504),
(1862, 4050406, 'Rwankonjo', 40504),
(1863, 4050500, '-- Select Cell --', 40505),
(1864, 4050501, 'Gatobotobo', 40505),
(1865, 4050502, 'Murehe', 40505),
(1866, 4050503, 'Tanda', 40505),
(1867, 4050600, '-- Select Cell --', 40506),
(1868, 4050601, 'Gihembe', 40506),
(1869, 4050602, 'Horezo', 40506),
(1870, 4050603, 'Kabuga', 40506),
(1871, 4050604, 'Muhondo', 40506),
(1872, 4050605, 'Nyamiyaga', 40506),
(1873, 4050700, '-- Select Cell --', 40507),
(1874, 4050701, 'Bugomba', 40507),
(1875, 4050702, 'Gatoma', 40507),
(1876, 4050703, 'Mulindi', 40507),
(1877, 4050704, 'Nyarwambu', 40507),
(1878, 4050705, 'Rukurura', 40507),
(1879, 4050800, '-- Select Cell --', 40508),
(1880, 4050801, 'Kabuga', 40508),
(1881, 4050802, 'Nyiragifumba', 40508),
(1882, 4050803, 'Nyiravugiza', 40508),
(1883, 4050804, 'Remera', 40508),
(1884, 4050805, 'Rusekera', 40508),
(1885, 4050806, 'Ryaruyumba', 40508),
(1886, 4050900, '-- Select Cell --', 40509),
(1887, 4050901, 'Gakenke', 40509),
(1888, 4050902, 'Miyove', 40509),
(1889, 4050903, 'Mubuga', 40509),
(1890, 4051000, '-- Select Cell --', 40510),
(1891, 4051001, 'Cyamuganga', 40510),
(1892, 4051002, 'Gatenga', 40510),
(1893, 4051003, 'Kiruhura', 40510),
(1894, 4051004, 'Mutarama', 40510),
(1895, 4051005, 'Rugerero', 40510),
(1896, 4051006, 'Rusambya', 40510),
(1897, 4051100, '-- Select Cell --', 40511),
(1898, 4051101, 'Cyamuhinda', 40511),
(1899, 4051102, 'Kigoma', 40511),
(1900, 4051103, 'Mwendo', 40511),
(1901, 4051104, 'Ngange', 40511),
(1902, 4051105, 'Rebero', 40511),
(1903, 4051200, '-- Select Cell --', 40512),
(1904, 4051201, 'Gaseke', 40512),
(1905, 4051202, 'Kabeza', 40512),
(1906, 4051203, 'Musenyi', 40512),
(1907, 4051204, 'Mutandi', 40512),
(1908, 4051205, 'Nyarubuye', 40512),
(1909, 4051300, '-- Select Cell --', 40513),
(1910, 4051301, 'Gahumuliza', 40513),
(1911, 4051302, 'Jamba', 40513),
(1912, 4051303, 'Kabeza', 40513),
(1913, 4051304, 'Kabuga', 40513),
(1914, 4051305, 'Karambo', 40513),
(1915, 4051306, 'Kiziba', 40513),
(1916, 4051307, 'Mataba', 40513),
(1917, 4051400, '-- Select Cell --', 40514),
(1918, 4051401, 'Butare', 40514),
(1919, 4051402, 'Kigogo', 40514),
(1920, 4051403, 'Kinishya', 40514),
(1921, 4051404, 'Rusasa', 40514),
(1922, 4051405, 'Rutete', 40514),
(1923, 4051406, 'Rwagihura', 40514),
(1924, 4051407, 'Yaramba', 40514),
(1925, 4051500, '-- Select Cell --', 40515),
(1926, 4051501, 'Gihanga', 40515),
(1927, 4051502, 'Gishambashayo', 40515),
(1928, 4051503, 'Gishari', 40515),
(1929, 4051504, 'Muguramo', 40515),
(1930, 4051505, 'Nyamiyaga', 40515),
(1931, 4051600, '-- Select Cell --', 40516),
(1932, 4051601, 'Cyeya', 40516),
(1933, 4051602, 'Cyuru', 40516),
(1934, 4051603, 'Gisiza', 40516),
(1935, 4051604, 'Kinyami', 40516),
(1936, 4051605, 'Mabare', 40516),
(1937, 4051606, 'Munyinya', 40516),
(1938, 4051700, '-- Select Cell --', 40517),
(1939, 4051701, 'Gitega', 40517),
(1940, 4051702, 'Kamutora', 40517),
(1941, 4051703, 'Karurama', 40517),
(1942, 4051800, '-- Select Cell --', 40518),
(1943, 4051801, 'Bikumba', 40518),
(1944, 4051802, 'Gasharu', 40518),
(1945, 4051803, 'Gatwaro', 40518),
(1946, 4051804, 'Kigabiro', 40518),
(1947, 4051805, 'Munanira', 40518),
(1948, 4051806, 'Nkoto', 40518),
(1949, 4051900, '-- Select Cell --', 40519),
(1950, 4051901, 'Cyandaro', 40519),
(1951, 4051902, 'Gasambya', 40519),
(1952, 4051903, 'Gashirira', 40519),
(1953, 4051904, 'Kabare', 40519),
(1954, 4051905, 'Rebero', 40519),
(1955, 4051906, 'Ruhondo', 40519),
(1956, 4052000, '-- Select Cell --', 40520),
(1957, 4052001, 'Cyeru', 40520),
(1958, 4052002, 'Kigabiro', 40520),
(1959, 4052003, 'Nyagahinga', 40520),
(1960, 4052100, '-- Select Cell --', 40521),
(1961, 4052101, 'Bushara', 40521),
(1962, 4052102, 'Kitazigurwa', 40521),
(1963, 4052103, 'Nyabishambi', 40521),
(1964, 4052104, 'Nyabubare', 40521),
(1965, 4052105, 'Shangasha', 40521),
(1966, 5010100, '-- Select Cell --', 50101),
(1967, 5010101, 'Mununu', 50101),
(1968, 5010102, 'Nyagasambu', 50101),
(1969, 5010103, 'Nyakagunga', 50101),
(1970, 5010104, 'Nyamirama', 50101),
(1971, 5010105, 'Nyarubuye', 50101),
(1972, 5010106, 'Sasabirago', 50101),
(1973, 5010200, '-- Select Cell --', 50102),
(1974, 5010201, 'Gihumuza', 50102),
(1975, 5010202, 'Kagezi', 50102),
(1976, 5010203, 'Kanyangese', 50102),
(1977, 5010204, 'Kibare', 50102),
(1978, 5010205, 'Mutamwa', 50102),
(1979, 5010206, 'Rugarama', 50102),
(1980, 5010207, 'Runyinya', 50102),
(1981, 5010208, 'Rweri', 50102),
(1982, 5010300, '-- Select Cell --', 50103),
(1983, 5010301, 'Binunga', 50103),
(1984, 5010302, 'Bwinsanga', 50103),
(1985, 5010303, 'Cyinyana', 50103),
(1986, 5010304, 'Gati', 50103),
(1987, 5010305, 'Kavumu', 50103),
(1988, 5010306, 'Ruhimbi', 50103),
(1989, 5010307, 'Ruhunda', 50103),
(1990, 5010400, '-- Select Cell --', 50104),
(1991, 5010401, 'Bicaca', 50104),
(1992, 5010402, 'Byimana', 50104),
(1993, 5010403, 'Kabasore', 50104),
(1994, 5010404, 'Kangamba', 50104),
(1995, 5010405, 'Karenge', 50104),
(1996, 5010406, 'Nyabubare', 50104),
(1997, 5010407, 'Nyamatete', 50104),
(1998, 5010500, '-- Select Cell --', 50105),
(1999, 5010501, 'Bwiza', 50105),
(2000, 5010502, 'Cyanya', 50105),
(2001, 5010503, 'Nyagasenyi', 50105),
(2002, 5010504, 'Sibagire', 50105),
(2003, 5010505, 'Sovu', 50105),
(2004, 5010600, '-- Select Cell --', 50106),
(2005, 5010601, 'Byeza', 50106),
(2006, 5010602, 'Kabare', 50106),
(2007, 5010603, 'Karambi', 50106),
(2008, 5010604, 'Karitutu', 50106),
(2009, 5010605, 'Kitazigurwa', 50106),
(2010, 5010606, 'Murambi', 50106),
(2011, 5010607, 'Nsinda', 50106),
(2012, 5010608, 'Ntebe', 50106),
(2013, 5010609, 'Nyarusange', 50106),
(2014, 5010700, '-- Select Cell --', 50107),
(2015, 5010701, 'Kaduha', 50107),
(2016, 5010702, 'Nkungu', 50107),
(2017, 5010703, 'Rweru', 50107),
(2018, 5010704, 'Zinga', 50107),
(2019, 5010800, '-- Select Cell --', 50108),
(2020, 5010801, 'Binunga', 50108),
(2021, 5010802, 'Bwana', 50108),
(2022, 5010803, 'Cyarukamba', 50108),
(2023, 5010804, 'Cyimbazi', 50108),
(2024, 5010805, 'Nkomangwa', 50108),
(2025, 5010806, 'Nyarubuye', 50108),
(2026, 5010900, '-- Select Cell --', 50109),
(2027, 5010901, 'Akabare', 50109),
(2028, 5010902, 'Budahanda', 50109),
(2029, 5010903, 'Kagarama', 50109),
(2030, 5010904, 'Musha', 50109),
(2031, 5010905, 'Nyabisindu', 50109),
(2032, 5010906, 'Nyakabanda', 50109),
(2033, 5011000, '-- Select Cell --', 50110),
(2034, 5011001, 'Akinyambo', 50110),
(2035, 5011002, 'Bujyujyu', 50110),
(2036, 5011003, 'Murehe', 50110),
(2037, 5011004, 'Ntebe', 50110),
(2038, 5011005, 'Nyarukombe', 50110),
(2039, 5011100, '-- Select Cell --', 50111),
(2040, 5011101, 'Bicumbi', 50111),
(2041, 5011102, 'Bushenyi', 50111),
(2042, 5011103, 'Mwulire', 50111),
(2043, 5011104, 'Ntunga', 50111),
(2044, 5011200, '-- Select Cell --', 50112),
(2045, 5011201, 'Bihembe', 50112),
(2046, 5011202, 'Gatare', 50112),
(2047, 5011203, 'Gishore', 50112),
(2048, 5011204, 'Munini', 50112),
(2049, 5011205, 'Rwimbogo', 50112),
(2050, 5011300, '-- Select Cell --', 50113),
(2051, 5011301, 'Akanzu', 50113),
(2052, 5011302, 'Kigarama', 50113),
(2053, 5011303, 'Murama', 50113),
(2054, 5011304, 'Rugarama', 50113),
(2055, 5011400, '-- Select Cell --', 50114),
(2056, 5011401, 'Byinza', 50114),
(2057, 5011402, 'Kabatasi', 50114),
(2058, 5011403, 'Kabuye', 50114),
(2059, 5011404, 'Karambi', 50114),
(2060, 5011405, 'Mabare', 50114),
(2061, 5011406, 'Nawe', 50114),
(2062, 5020100, '-- Select Cell --', 50201),
(2063, 5020101, 'Cyagaju', 50201),
(2064, 5020102, 'Kabeza', 50201),
(2065, 5020103, 'Nyamikamba', 50201),
(2066, 5020104, 'Nyamirembe', 50201),
(2067, 5020105, 'Nyangara', 50201),
(2068, 5020106, 'Nyarurema', 50201),
(2069, 5020107, 'Rwensheke', 50201),
(2070, 5020200, '-- Select Cell --', 50202),
(2071, 5020201, 'Bushara', 50202),
(2072, 5020202, 'Cyenkwanzi', 50202),
(2073, 5020203, 'Gikagati', 50202),
(2074, 5020204, 'Gikundamvura', 50202),
(2075, 5020205, 'Kabuga', 50202),
(2076, 5020206, 'Ndego', 50202),
(2077, 5020207, 'Nyakiga', 50202),
(2078, 5020300, '-- Select Cell --', 50203),
(2079, 5020301, 'Kamate', 50203),
(2080, 5020302, 'Karama', 50203),
(2081, 5020303, 'Kizirakome', 50203),
(2082, 5020304, 'Mbare', 50203),
(2083, 5020305, 'Musenyi', 50203),
(2084, 5020306, 'Ndama', 50203),
(2085, 5020307, 'Nyagashanga', 50203),
(2086, 5020308, 'Nyamirama', 50203),
(2087, 5020309, 'Rubagabaga', 50203),
(2088, 5020310, 'Rwenyemera', 50203),
(2089, 5020311, 'Rwisirabo', 50203),
(2090, 5020400, '-- Select Cell --', 50204),
(2091, 5020401, 'Bayigaburire', 50204),
(2092, 5020402, 'Kaduha', 50204),
(2093, 5020403, 'Kanyeganyege', 50204),
(2094, 5020404, 'Katabagemu', 50204),
(2095, 5020405, 'Kigarama', 50204),
(2096, 5020406, 'Nyakigando', 50204),
(2097, 5020407, 'Rubira', 50204),
(2098, 5020408, 'Rugazi', 50204),
(2099, 5020409, 'Rutoma', 50204),
(2100, 5020500, '-- Select Cell --', 50205),
(2101, 5020501, 'Gataba', 50205),
(2102, 5020502, 'Gitenga', 50205),
(2103, 5020503, 'Kabungo', 50205),
(2104, 5020504, 'Karambo', 50205),
(2105, 5020505, 'Karujumba', 50205),
(2106, 5020506, 'Tovu', 50205),
(2107, 5020600, '-- Select Cell --', 50206),
(2108, 5020601, 'Bwera', 50206),
(2109, 5020602, 'Byimana', 50206),
(2110, 5020603, 'Cyembogo', 50206),
(2111, 5020604, 'Kagitumba', 50206),
(2112, 5020605, 'Kanyonza', 50206),
(2113, 5020606, 'Matimba', 50206),
(2114, 5020607, 'Nyabwishongwezi', 50206),
(2115, 5020608, 'Rwentanga', 50206),
(2116, 5020700, '-- Select Cell --', 50207),
(2117, 5020701, 'Bibare', 50207),
(2118, 5020702, 'Gakoma', 50207),
(2119, 5020703, 'Mahoro', 50207),
(2120, 5020704, 'Mimuri', 50207),
(2121, 5020705, 'Rugari', 50207),
(2122, 5020800, '-- Select Cell --', 50208),
(2123, 5020801, 'Bufunda', 50208),
(2124, 5020802, 'Gatete', 50208),
(2125, 5020803, 'Gihengeri', 50208),
(2126, 5020804, 'Gishororo', 50208),
(2127, 5020805, 'Kagina', 50208),
(2128, 5020806, 'Rugarama', 50208),
(2129, 5020900, '-- Select Cell --', 50209),
(2130, 5020901, 'Kibirizi', 50209),
(2131, 5020902, 'Kijojo', 50209),
(2132, 5020903, 'Musheri', 50209),
(2133, 5020904, 'Ntoma', 50209),
(2134, 5020905, 'Nyagatabire', 50209),
(2135, 5020906, 'Nyamiyonga', 50209),
(2136, 5020907, 'Rugarama I', 50209),
(2137, 5020908, 'Rugarama Ii', 50209),
(2138, 5021000, '-- Select Cell --', 50210),
(2139, 5021001, 'Barija', 50210),
(2140, 5021002, 'Bushoga', 50210),
(2141, 5021003, 'Cyabayaga', 50210),
(2142, 5021004, 'Gakirage', 50210),
(2143, 5021005, 'Kamagiri', 50210),
(2144, 5021006, 'Nsheke', 50210),
(2145, 5021007, 'Nyagatare', 50210),
(2146, 5021008, 'Rutaraka', 50210),
(2147, 5021009, 'Ryabega', 50210),
(2148, 5021100, '-- Select Cell --', 50211),
(2149, 5021101, 'Gahurura', 50211),
(2150, 5021102, 'Gashenyi', 50211),
(2151, 5021103, 'Nyakagarama', 50211),
(2152, 5021104, 'Rukomo Ii', 50211),
(2153, 5021105, 'Rurenge', 50211),
(2154, 5021200, '-- Select Cell --', 50212),
(2155, 5021201, 'Cyenjonjo', 50212),
(2156, 5021202, 'Gasinga', 50212),
(2157, 5021203, 'Kabare', 50212),
(2158, 5021204, 'Kazaza', 50212),
(2159, 5021205, 'Mishenyi', 50212),
(2160, 5021206, 'Rugarama', 50212),
(2161, 5021207, 'Rukorota', 50212),
(2162, 5021208, 'Rutare', 50212),
(2163, 5021209, 'Rwempasha', 50212),
(2164, 5021210, 'Ryeru', 50212),
(2165, 5021300, '-- Select Cell --', 50213),
(2166, 5021301, 'Gacundezi', 50213),
(2167, 5021302, 'Kabeza', 50213),
(2168, 5021303, 'Kirebe', 50213),
(2169, 5021304, 'Ntoma', 50213),
(2170, 5021305, 'Nyarupfubire', 50213),
(2171, 5021306, 'Nyendo', 50213),
(2172, 5021307, 'Rutungu', 50213),
(2173, 5021308, 'Rwimiyaga', 50213),
(2174, 5021400, '-- Select Cell --', 50214),
(2175, 5021401, 'Gishuro', 50214),
(2176, 5021402, 'Gitengure', 50214),
(2177, 5021403, 'Nkoma', 50214),
(2178, 5021404, 'Nyabitekeri', 50214),
(2179, 5021405, 'Nyagatoma', 50214),
(2180, 5021406, 'Shonga', 50214),
(2181, 5021407, 'Tabagwe', 50214),
(2182, 5030100, '-- Select Cell --', 50301),
(2183, 5030101, 'Kigabiro', 50301),
(2184, 5030102, 'Kimana', 50301),
(2185, 5030103, 'Teme', 50301),
(2186, 5030104, 'Viro', 50301),
(2187, 5030200, '-- Select Cell --', 50302),
(2188, 5030201, 'Gatsibo', 50302),
(2189, 5030202, 'Manishya', 50302),
(2190, 5030203, 'Mugera', 50302),
(2191, 5030204, 'Nyabicwamba', 50302),
(2192, 5030205, 'Nyagahanga', 50302),
(2193, 5030300, '-- Select Cell --', 50303),
(2194, 5030301, 'Bukomane', 50303),
(2195, 5030302, 'Cyabusheshe', 50303),
(2196, 5030303, 'Karubungo', 50303),
(2197, 5030304, 'Mpondwa', 50303),
(2198, 5030305, 'Nyamirama', 50303),
(2199, 5030306, 'Rubira', 50303),
(2200, 5030400, '-- Select Cell --', 50304),
(2201, 5030401, 'Kabarore', 50304),
(2202, 5030402, 'Kabeza', 50304),
(2203, 5030403, 'Karenge', 50304),
(2204, 5030404, 'Marimba', 50304),
(2205, 5030405, 'Nyabikiri', 50304),
(2206, 5030406, 'Simbwa', 50304),
(2207, 5030500, '-- Select Cell --', 50305),
(2208, 5030501, 'Busetsa', 50305),
(2209, 5030502, 'Gituza', 50305),
(2210, 5030503, 'Kintu', 50305),
(2211, 5030504, 'Nyagisozi', 50305),
(2212, 5030600, '-- Select Cell --', 50306),
(2213, 5030601, 'Akabuga', 50306),
(2214, 5030602, 'Gakenke', 50306),
(2215, 5030603, 'Gakoni', 50306),
(2216, 5030604, 'Nyabisindu', 50306),
(2217, 5030700, '-- Select Cell --', 50307),
(2218, 5030701, 'Agakomeye', 50307),
(2219, 5030702, 'Mbogo', 50307),
(2220, 5030703, 'Ndatemwa', 50307),
(2221, 5030704, 'Rubona', 50307),
(2222, 5030800, '-- Select Cell --', 50308),
(2223, 5030801, 'Bibare', 50308),
(2224, 5030802, 'Gakorokombe', 50308),
(2225, 5030803, 'Mamfu', 50308),
(2226, 5030804, 'Rumuli', 50308),
(2227, 5030805, 'Taba', 50308),
(2228, 5030900, '-- Select Cell --', 50309),
(2229, 5030901, 'Murambi', 50309),
(2230, 5030902, 'Nyamiyaga', 50309),
(2231, 5030903, 'Rwankuba', 50309),
(2232, 5030904, 'Rwimitereri', 50309),
(2233, 5031000, '-- Select Cell --', 50310),
(2234, 5031001, 'Bugamba', 50310),
(2235, 5031002, 'Karambi', 50310),
(2236, 5031003, 'Kigasha', 50310),
(2237, 5031004, 'Ngarama', 50310),
(2238, 5031005, 'Nyarubungo', 50310),
(2239, 5031100, '-- Select Cell --', 50311),
(2240, 5031101, 'Gitinda', 50311),
(2241, 5031102, 'Kibare', 50311),
(2242, 5031103, 'Mayange', 50311),
(2243, 5031104, 'Murambi', 50311),
(2244, 5031105, 'Nyagitabire', 50311),
(2245, 5031106, 'Nyamirama', 50311),
(2246, 5031200, '-- Select Cell --', 50312),
(2247, 5031201, 'Bushobora', 50312),
(2248, 5031202, 'Butiruka', 50312),
(2249, 5031203, 'Kigabiro', 50312),
(2250, 5031204, 'Nyagakombe', 50312),
(2251, 5031205, 'Rurenge', 50312),
(2252, 5031206, 'Rwarenga', 50312),
(2253, 5031300, '-- Select Cell --', 50313),
(2254, 5031301, 'Bugarama', 50313),
(2255, 5031302, 'Gihuta', 50313),
(2256, 5031303, 'Kanyangese', 50313),
(2257, 5031304, 'Matare', 50313),
(2258, 5031305, 'Matunguru', 50313),
(2259, 5031306, 'Remera', 50313),
(2260, 5031400, '-- Select Cell --', 50314),
(2261, 5031401, 'Kiburara', 50314),
(2262, 5031402, 'Munini', 50314),
(2263, 5031403, 'Nyamatete', 50314),
(2264, 5031404, 'Rwikiniro', 50314),
(2265, 5040100, '-- Select Cell --', 50401),
(2266, 5040101, 'Juru', 50401),
(2267, 5040102, 'Kahi', 50401),
(2268, 5040103, 'Kiyenzi', 50401),
(2269, 5040104, 'Urugarama', 50401),
(2270, 5040200, '-- Select Cell --', 50402),
(2271, 5040201, 'Cyarubare', 50402),
(2272, 5040202, 'Gitara', 50402),
(2273, 5040203, 'Kirehe', 50402),
(2274, 5040204, 'Rubimba', 50402),
(2275, 5040205, 'Rubumba', 50402),
(2276, 5040300, '-- Select Cell --', 50403),
(2277, 5040301, 'Cyabajwa', 50403),
(2278, 5040302, 'Cyinzovu', 50403),
(2279, 5040303, 'Kabura', 50403),
(2280, 5040304, 'Rusera', 50403),
(2281, 5040400, '-- Select Cell --', 50404),
(2282, 5040401, 'Bwiza', 50404),
(2283, 5040402, 'Kayonza', 50404),
(2284, 5040403, 'Mburabuturo', 50404),
(2285, 5040404, 'Nyagatovu', 50404),
(2286, 5040405, 'Rugendabari', 50404),
(2287, 5040500, '-- Select Cell --', 50405),
(2288, 5040501, 'Bunyentongo', 50405),
(2289, 5040502, 'Muko', 50405),
(2290, 5040503, 'Murama', 50405),
(2291, 5040504, 'Nyakanazi', 50405),
(2292, 5040505, 'Rusave', 50405),
(2293, 5040600, '-- Select Cell --', 50406),
(2294, 5040601, 'Buhabwa', 50406),
(2295, 5040602, 'Karambi', 50406),
(2296, 5040603, 'Murundi', 50406),
(2297, 5040604, 'Ryamanyoni', 50406),
(2298, 5040700, '-- Select Cell --', 50407),
(2299, 5040701, 'Kageyo', 50407),
(2300, 5040702, 'Migera', 50407),
(2301, 5040703, 'Nyamugari', 50407),
(2302, 5040704, 'Nyawera', 50407),
(2303, 5040800, '-- Select Cell --', 50408),
(2304, 5040801, 'Byimana', 50408),
(2305, 5040802, 'Isangano', 50408),
(2306, 5040803, 'Karambi', 50408),
(2307, 5040804, 'Kiyovu', 50408),
(2308, 5040900, '-- Select Cell --', 50409),
(2309, 5040901, 'Gikaya', 50409),
(2310, 5040902, 'Musumba', 50409),
(2311, 5040903, 'Rurambi', 50409),
(2312, 5040904, 'Shyogo', 50409),
(2313, 5041000, '-- Select Cell --', 50410),
(2314, 5041001, 'Kawangire', 50410),
(2315, 5041002, 'Rukara', 50410),
(2316, 5041003, 'Rwimishinya', 50410),
(2317, 5041100, '-- Select Cell --', 50411),
(2318, 5041101, 'Bugambira', 50411),
(2319, 5041102, 'Nkamba', 50411),
(2320, 5041103, 'Ruyonza', 50411),
(2321, 5041104, 'Umubuga', 50411),
(2322, 5041200, '-- Select Cell --', 50412),
(2323, 5041201, 'Gihinga', 50412),
(2324, 5041202, 'Mbarara', 50412),
(2325, 5041203, 'Mukoyoyo', 50412),
(2326, 5041204, 'Nkondo ', 50412),
(2327, 5050100, '-- Select Cell --', 50501),
(2328, 5050101, 'Butezi', 50501),
(2329, 5050102, 'Muhamba', 50501),
(2330, 5050103, 'Murehe', 50501),
(2331, 5050104, 'Nyagasenyi', 50501),
(2332, 5050105, 'Nyakagezi', 50501),
(2333, 5050106, 'Rubimba', 50501),
(2334, 5050200, '-- Select Cell --', 50502),
(2335, 5050201, 'Curazo', 50502),
(2336, 5050202, 'Cyunuzi', 50502),
(2337, 5050203, 'Muganza', 50502),
(2338, 5050204, 'Nyamiryango', 50502),
(2339, 5050205, 'Rwabutazi', 50502),
(2340, 5050206, 'Rwantonde', 50502),
(2341, 5050300, '-- Select Cell --', 50503),
(2342, 5050301, 'Cyanya', 50503),
(2343, 5050302, 'Kigarama', 50503),
(2344, 5050303, 'Kiremera', 50503),
(2345, 5050304, 'Nyakerera', 50503),
(2346, 5050305, 'Nyankurazo', 50503),
(2347, 5050400, '-- Select Cell --', 50504),
(2348, 5050401, 'Gatarama', 50504),
(2349, 5050402, 'Rugarama', 50504),
(2350, 5050403, 'Ruhanga', 50504),
(2351, 5050404, 'Rwanteru', 50504),
(2352, 5050500, '-- Select Cell --', 50505),
(2353, 5050501, 'Gahama', 50505),
(2354, 5050502, 'Kirehe', 50505),
(2355, 5050503, 'Nyabigega', 50505),
(2356, 5050504, 'Nyabikokora', 50505),
(2357, 5050505, 'Rwesero', 50505),
(2358, 5050600, '-- Select Cell --', 50506),
(2359, 5050601, 'Kamombo', 50506),
(2360, 5050602, 'Mwoga', 50506),
(2361, 5050603, 'Saruhembe', 50506),
(2362, 5050604, 'Umunini', 50506),
(2363, 5050700, '-- Select Cell --', 50507),
(2364, 5050701, 'Bwiyorere', 50507),
(2365, 5050702, 'Kankobwa', 50507),
(2366, 5050703, 'Mpanga', 50507),
(2367, 5050704, 'Mushongi', 50507),
(2368, 5050705, 'Nasho', 50507),
(2369, 5050706, 'Nyakabungo', 50507),
(2370, 5050707, 'Rubaya', 50507),
(2371, 5050800, '-- Select Cell --', 50508),
(2372, 5050801, 'Gasarabwayi', 50508),
(2373, 5050802, 'Kabuga', 50508),
(2374, 5050803, 'Mubuga', 50508),
(2375, 5050804, 'Musaza', 50508),
(2376, 5050805, 'Nganda ', 50508),
(2377, 5050900, '-- Select Cell --', 50509),
(2378, 5050901, 'Bisagara', 50509),
(2379, 5050902, 'Cyamigurwa', 50509),
(2380, 5050903, 'Rugarama', 50509),
(2381, 5050904, 'Rwanyamuhanga', 50509),
(2382, 5050905, 'Rwayikona', 50509),
(2383, 5051000, '-- Select Cell --', 50510),
(2384, 5051001, 'Cyambwe', 50510),
(2385, 5051002, 'Kagese', 50510),
(2386, 5051003, 'Ntaruka', 50510),
(2387, 5051004, 'Rubirizi', 50510),
(2388, 5051005, 'Rugoma', 50510),
(2389, 5051100, '-- Select Cell --', 50511),
(2390, 5051101, 'Bukora', 50511),
(2391, 5051102, 'Kagasa', 50511),
(2392, 5051103, 'Kazizi', 50511),
(2393, 5051104, 'Kiyanzi', 50511),
(2394, 5051105, 'Nyamugari', 50511),
(2395, 5051200, '-- Select Cell --', 50512),
(2396, 5051201, 'Mareba', 50512),
(2397, 5051202, 'Nyabitare', 50512),
(2398, 5051203, 'Nyarutunga', 50512),
(2399, 5060100, '-- Select Cell --', 50601),
(2400, 5060101, 'Cyerwa', 50601),
(2401, 5060102, 'Giseri', 50601),
(2402, 5060103, 'Munege', 50601),
(2403, 5060104, 'Mutsindo', 50601),
(2404, 5060200, '-- Select Cell --', 50602),
(2405, 5060201, 'Ihanika', 50602),
(2406, 5060202, 'Jarama', 50602),
(2407, 5060203, 'Karenge', 50602),
(2408, 5060204, 'Kibimba', 50602),
(2409, 5060205, 'Kigoma', 50602),
(2410, 5060300, '-- Select Cell --', 50603),
(2411, 5060301, 'Akaziba', 50603),
(2412, 5060302, 'Karaba', 50603),
(2413, 5060303, 'Nyamirambo', 50603),
(2414, 5060400, '-- Select Cell --', 50604),
(2415, 5060401, 'Birenga', 50604),
(2416, 5060402, 'Gahurire', 50604),
(2417, 5060403, 'Karama', 50604),
(2418, 5060404, 'Kinyonzo', 50604),
(2419, 5060405, 'Umukamba', 50604),
(2420, 5060500, '-- Select Cell --', 50605),
(2421, 5060501, 'Cyasemakamba', 50605),
(2422, 5060502, 'Gahima', 50605),
(2423, 5060503, 'Gatonde', 50605),
(2424, 5060504, 'Karenge', 50605),
(2425, 5060505, 'Mahango', 50605),
(2426, 5060600, '-- Select Cell --', 50606),
(2427, 5060601, 'Akabungo', 50606),
(2428, 5060602, 'Mugatare', 50606),
(2429, 5060603, 'Ntanga', 50606),
(2430, 5060604, 'Nyamugari', 50606),
(2431, 5060605, 'Nyange', 50606),
(2432, 5060700, '-- Select Cell --', 50607),
(2433, 5060701, 'Gitaraga', 50607),
(2434, 5060702, 'Kigabiro', 50607),
(2435, 5060703, 'Mvumba', 50607),
(2436, 5060704, 'Rurenge', 50607),
(2437, 5060705, 'Sakara', 50607),
(2438, 5060800, '-- Select Cell --', 50608),
(2439, 5060801, 'Karwema', 50608),
(2440, 5060802, 'Kibare', 50608),
(2441, 5060803, 'Mutenderi', 50608),
(2442, 5060804, 'Muzingira', 50608),
(2443, 5060805, 'Nyagasozi', 50608),
(2444, 5060900, '-- Select Cell --', 50609),
(2445, 5060901, 'Bugera', 50609),
(2446, 5060902, 'Kinunga', 50609),
(2447, 5060903, 'Ndekwe', 50609),
(2448, 5060904, 'Nyamagana', 50609),
(2449, 5061000, '-- Select Cell --', 50610),
(2450, 5061001, 'Buliba', 50610),
(2451, 5061002, 'Kibatsi', 50610),
(2452, 5061003, 'Nyaruvumu', 50610),
(2453, 5061004, 'Nyinya', 50610),
(2454, 5061100, '-- Select Cell --', 50611),
(2455, 5061101, 'Gituza', 50611),
(2456, 5061102, 'Ntovi', 50611),
(2457, 5061103, 'Rubago', 50611),
(2458, 5061104, 'Rubona', 50611),
(2459, 5061105, 'Rwintashya', 50611),
(2460, 5061200, '-- Select Cell --', 50612),
(2461, 5061201, 'Akagarama', 50612),
(2462, 5061202, 'Muhurire', 50612),
(2463, 5061203, 'Musya', 50612),
(2464, 5061204, 'Rugese', 50612),
(2465, 5061205, 'Rujambara', 50612),
(2466, 5061206, 'Rwikubo', 50612),
(2467, 5061300, '-- Select Cell --', 50613),
(2468, 5061301, 'Gafunzo', 50613),
(2469, 5061302, 'Kibonde', 50613),
(2470, 5061303, 'Nkanga', 50613),
(2471, 5061304, 'Rukoma', 50613),
(2472, 5061400, '-- Select Cell --', 50614),
(2473, 5061401, 'Nyagasozi', 50614),
(2474, 5061402, 'Nyagatugunda', 50614),
(2475, 5061403, 'Ruhembe', 50614),
(2476, 5061404, 'Ruhinga', 50614),
(2477, 5070100, '-- Select Cell --', 50701),
(2478, 5070101, 'Biryogo', 50701),
(2479, 5070102, 'Kabuye', 50701),
(2480, 5070103, 'Kagomasi', 50701),
(2481, 5070104, 'Mwendo', 50701),
(2482, 5070105, 'Ramiro', 50701),
(2483, 5070200, '-- Select Cell --', 50702),
(2484, 5070201, 'Juru', 50702),
(2485, 5070202, 'Kabukuba', 50702),
(2486, 5070203, 'Mugorore', 50702),
(2487, 5070204, 'Musovu', 50702),
(2488, 5070205, 'Rwinume', 50702),
(2489, 5070300, '-- Select Cell --', 50703),
(2490, 5070301, 'Biharagu', 50703),
(2491, 5070302, 'Burenge', 50703),
(2492, 5070303, 'Kampeka', 50703),
(2493, 5070304, 'Nyakayaga', 50703),
(2494, 5070305, 'Tunda', 50703),
(2495, 5070400, '-- Select Cell --', 50704),
(2496, 5070401, 'Bushenyi', 50704),
(2497, 5070402, 'Gakomeye', 50704),
(2498, 5070403, 'Nyamigina', 50704),
(2499, 5070404, 'Rango', 50704),
(2500, 5070405, 'Rugarama', 50704),
(2501, 5070500, '-- Select Cell --', 50705),
(2502, 5070501, 'Gakamba', 50705),
(2503, 5070502, 'Kagenge', 50705),
(2504, 5070503, 'Kibenga', 50705),
(2505, 5070504, 'Kibirizi', 50705),
(2506, 5070505, 'Mbyo', 50705),
(2507, 5070600, '-- Select Cell --', 50706),
(2508, 5070601, 'Gicaca', 50706),
(2509, 5070602, 'Musenyi', 50706),
(2510, 5070603, 'Nyagihunika', 50706),
(2511, 5070604, 'Rulindo', 50706),
(2512, 5070700, '-- Select Cell --', 50707),
(2513, 5070701, 'Bitaba', 50707),
(2514, 5070702, 'Kagasa', 50707),
(2515, 5070703, 'Rugunga', 50707),
(2516, 5070704, 'Rurenge', 50707),
(2517, 5070800, '-- Select Cell --', 50708),
(2518, 5070801, 'Gihembe', 50708),
(2519, 5070802, 'Murama', 50708),
(2520, 5070803, 'Ngeruka', 50708),
(2521, 5070804, 'Nyakayenzi', 50708),
(2522, 5070805, 'Rutonde', 50708),
(2523, 5070900, '-- Select Cell --', 50709),
(2524, 5070901, 'Cyugaro', 50709),
(2525, 5070902, 'Kanzenze', 50709),
(2526, 5070903, 'Kibungo', 50709),
(2527, 5071000, '-- Select Cell --', 50710),
(2528, 5071001, 'Kanazi', 50710),
(2529, 5071002, 'Kayumba', 50710),
(2530, 5071003, 'Maranyundo', 50710),
(2531, 5071004, 'Murama', 50710),
(2532, 5071005, 'Nyamata Y Umujyi', 50710),
(2533, 5071100, '-- Select Cell --', 50711),
(2534, 5071101, 'Gihinga', 50711),
(2535, 5071102, 'Kabuye', 50711),
(2536, 5071103, 'Murambi', 50711),
(2537, 5071104, 'Ngenda', 50711),
(2538, 5071105, 'Rugando', 50711),
(2539, 5071200, '-- Select Cell --', 50712),
(2540, 5071201, 'Kabeza', 50712),
(2541, 5071202, 'Karera', 50712),
(2542, 5071203, 'Kimaranzara', 50712),
(2543, 5071204, 'Ntarama', 50712),
(2544, 5071205, 'Nyabagendwa', 50712),
(2545, 5071300, '-- Select Cell --', 50713),
(2546, 5071301, 'Bihari', 50713),
(2547, 5071302, 'Gatanga', 50713),
(2548, 5071303, 'Gikundamvura', 50713),
(2549, 5071304, 'Kindama', 50713),
(2550, 5071305, 'Ruhuha', 50713),
(2551, 5071400, '-- Select Cell --', 50714),
(2552, 5071401, 'Batima', 50714),
(2553, 5071402, 'Kintambwe', 50714),
(2554, 5071403, 'Mazane', 50714),
(2555, 5071404, 'Nemba', 50714),
(2556, 5071405, 'Nkanga', 50714),
(2557, 5071406, 'Sharita', 50714),
(2558, 5071500, '-- Select Cell --', 50715),
(2559, 5071501, 'Kabagugu', 50715),
(2560, 5071502, 'Kamabuye', 50715),
(2561, 5071503, 'Nziranziza', 50715),
(2562, 5071504, 'Rebero', 50715),
(2563, 5071505, 'Rutare', 50715);

-- --------------------------------------------------------

--
-- Table structure for table `cooperatives`
--

CREATE TABLE `cooperatives` (
  `id` bigint(20) UNSIGNED NOT NULL,
  `co_operativename` varchar(255) NOT NULL,
  `co_operativemanager` varchar(255) NOT NULL,
  `co_operative_email` varchar(255) NOT NULL,
  `co_operative_telephone` int(11) NOT NULL,
  `status` tinyint(4) NOT NULL DEFAULT 0,
  `starting_date` date NOT NULL,
  `province` varchar(255) NOT NULL,
  `district` varchar(255) NOT NULL,
  `sector` varchar(255) NOT NULL,
  `cell` varchar(255) NOT NULL,
  `created_at` timestamp NULL DEFAULT NULL,
  `updated_at` timestamp NULL DEFAULT NULL
) ENGINE=InnoDB DEFAULT CHARSET=utf8mb4 COLLATE=utf8mb4_unicode_ci;

--
-- Dumping data for table `cooperatives`
--

INSERT INTO `cooperatives` (`id`, `co_operativename`, `co_operativemanager`, `co_operative_email`, `co_operative_telephone`, `status`, `starting_date`, `province`, `district`, `sector`, `cell`, `created_at`, `updated_at`) VALUES
(1, 'Agricultural', 'JohnDoe', 'agricultural@gmail.com', 783325515, 1, '2023-07-20', 'Kigali City', 'NYARUGENGE', 'Nyarugenge', 'Agatare', '2023-07-05 17:24:40', '2023-11-19 16:29:04'),
(2, 'Agronomy', 'JohnDoe', 'honore.kimenyi5855@gmail.com', 783325515, 1, '2023-07-26', 'South Provice', 'NYAMAGABE', 'Mushubi', 'Cyobe', '2023-07-06 19:04:03', '2023-11-19 16:29:01');

-- --------------------------------------------------------

--
-- Table structure for table `cooperative_user`
--

CREATE TABLE `cooperative_user` (
  `user_id` bigint(20) UNSIGNED NOT NULL,
  `cooperative_id` bigint(20) UNSIGNED NOT NULL
) ENGINE=InnoDB DEFAULT CHARSET=utf8mb4 COLLATE=utf8mb4_unicode_ci;

--
-- Dumping data for table `cooperative_user`
--

INSERT INTO `cooperative_user` (`user_id`, `cooperative_id`) VALUES
(9, 1),
(9, 2);

-- --------------------------------------------------------

--
-- Table structure for table `districts`
--

CREATE TABLE `districts` (
  `id` bigint(20) UNSIGNED NOT NULL,
  `districtcode` int(11) NOT NULL,
  `namedistrict` varchar(255) NOT NULL,
  `provincecode` bigint(20) UNSIGNED NOT NULL
) ENGINE=InnoDB DEFAULT CHARSET=utf8mb4 COLLATE=utf8mb4_unicode_ci;

--
-- Dumping data for table `districts`
--

INSERT INTO `districts` (`id`, `districtcode`, `namedistrict`, `provincecode`) VALUES
(71, 100, '-- Select Districts --', 1),
(72, 101, 'NYARUGENGE', 1),
(73, 102, 'GASABO', 1),
(74, 103, 'KICUKIRO', 1),
(75, 200, '-- Select Districts --', 2),
(76, 201, 'NYANZA', 2),
(77, 202, 'GISAGARA', 2),
(78, 203, 'NYARUGURU', 2),
(79, 204, 'HUYE', 2),
(80, 205, 'NYAMAGABE', 2),
(81, 206, 'RUHANGO', 2),
(82, 207, 'MUHANGA', 2),
(83, 208, 'KAMONYI', 2),
(84, 300, '-- Select Districts --', 3),
(85, 301, 'KARONGI', 3),
(86, 302, 'RUTSIRO', 3),
(87, 303, 'RUBAVU', 3),
(88, 304, 'NYABIHU', 3),
(89, 305, 'NGORORERO', 3),
(90, 306, 'RUSIZI', 3),
(91, 307, 'NYAMASHEKE', 3),
(92, 400, '-- Select Districts --', 4),
(93, 401, 'RULINDO', 4),
(94, 402, 'GAKENKE', 4),
(95, 403, 'MUSANZE', 4),
(96, 404, 'BURERA', 4),
(97, 405, 'GICUMBI', 4),
(98, 500, '-- Select Districts --', 5),
(99, 501, 'RWAMAGANA', 5),
(100, 502, 'NYAGATARE', 5),
(101, 503, 'GATSIBO', 5),
(102, 504, 'KAYONZA', 5),
(103, 505, 'KIREHE', 5),
(104, 506, 'NGOMA', 5),
(105, 507, 'BUGESERA', 5);

-- --------------------------------------------------------

--
-- Table structure for table `failed_jobs`
--

CREATE TABLE `failed_jobs` (
  `id` bigint(20) UNSIGNED NOT NULL,
  `uuid` varchar(255) NOT NULL,
  `connection` text NOT NULL,
  `queue` text NOT NULL,
  `payload` longtext NOT NULL,
  `exception` longtext NOT NULL,
  `failed_at` timestamp NOT NULL DEFAULT current_timestamp()
) ENGINE=InnoDB DEFAULT CHARSET=utf8mb4 COLLATE=utf8mb4_unicode_ci;

-- --------------------------------------------------------

--
-- Table structure for table `harvestings`
--

CREATE TABLE `harvestings` (
  `id` bigint(20) UNSIGNED NOT NULL,
  `planting_id` bigint(20) UNSIGNED NOT NULL,
  `bin_id` bigint(20) UNSIGNED NOT NULL,
  `wormQuantity` int(11) NOT NULL,
  `harvestCompostQuantity` int(11) NOT NULL,
  `created_at` timestamp NULL DEFAULT NULL,
  `updated_at` timestamp NULL DEFAULT NULL
) ENGINE=InnoDB DEFAULT CHARSET=utf8mb4 COLLATE=utf8mb4_unicode_ci;

-- --------------------------------------------------------

--
-- Table structure for table `locations`
--

CREATE TABLE `locations` (
  `id` bigint(20) UNSIGNED NOT NULL,
  `firstname` varchar(255) NOT NULL,
  `secondname` varchar(255) NOT NULL,
  `profilePic` varchar(255) NOT NULL,
  `phonenumber` int(11) NOT NULL,
  `gender` varchar(255) NOT NULL,
  `province` varchar(255) NOT NULL,
  `district` varchar(255) NOT NULL,
  `sector` varchar(255) NOT NULL,
  `cell` varchar(255) NOT NULL,
  `user_id` bigint(20) UNSIGNED NOT NULL,
  `created_at` timestamp NULL DEFAULT NULL,
  `updated_at` timestamp NULL DEFAULT NULL
) ENGINE=InnoDB DEFAULT CHARSET=utf8mb4 COLLATE=utf8mb4_unicode_ci;

--
-- Dumping data for table `locations`
--

INSERT INTO `locations` (`id`, `firstname`, `secondname`, `profilePic`, `phonenumber`, `gender`, `province`, `district`, `sector`, `cell`, `user_id`, `created_at`, `updated_at`) VALUES
(3, 'Kimenyi', 'Honore', 'profiles/65oKbegY37QxYkcBjeV7HDD7LINBwleRWwN7de3k.jpg', 987654321, 'Male', 'South Provice', 'HUYE', 'Ruhashya', 'Ruhashya', 7, '2023-07-03 13:59:02', '2023-07-03 13:59:02'),
(4, 'John', 'Doe', 'profiles/amaknx8uAfreBDqfBZ4ZoKkDuFDGDr8e4iC7ByXg.png', 435678654, 'Male', 'NorthProvice', 'MUSANZE', 'Nkotsi', 'Mubago', 9, '2023-11-19 16:31:53', '2023-11-19 16:31:53');

-- --------------------------------------------------------

--
-- Table structure for table `members`
--

CREATE TABLE `members` (
  `id` bigint(20) UNSIGNED NOT NULL,
  `firstname` varchar(255) NOT NULL,
  `secondname` varchar(255) NOT NULL,
  `email` varchar(255) NOT NULL,
  `phonenumber` bigint(20) NOT NULL,
  `gender` varchar(255) NOT NULL,
  `age` datetime NOT NULL,
  `province` varchar(255) NOT NULL,
  `district` varchar(255) NOT NULL,
  `sector` varchar(255) NOT NULL,
  `cell` varchar(255) NOT NULL,
  `cooperative_id` bigint(20) UNSIGNED NOT NULL,
  `created_at` timestamp NULL DEFAULT NULL,
  `updated_at` timestamp NULL DEFAULT NULL
) ENGINE=InnoDB DEFAULT CHARSET=utf8mb4 COLLATE=utf8mb4_unicode_ci;

--
-- Dumping data for table `members`
--

INSERT INTO `members` (`id`, `firstname`, `secondname`, `email`, `phonenumber`, `gender`, `age`, `province`, `district`, `sector`, `cell`, `cooperative_id`, `created_at`, `updated_at`) VALUES
(1, 'John', 'Doe', 'jamba@gmail.com', 987654345, 'Male', '2023-11-14 00:00:00', 'Kigali City', 'GASABO', 'Nduba', 'Sha', 1, '2023-11-23 20:13:22', '2023-11-23 20:13:22');

-- --------------------------------------------------------

--
-- Table structure for table `messages`
--

CREATE TABLE `messages` (
  `id` bigint(20) UNSIGNED NOT NULL,
  `from` bigint(20) NOT NULL,
  `message` text NOT NULL,
  `is_read` tinyint(4) NOT NULL DEFAULT 0,
  `created_at` timestamp NULL DEFAULT NULL,
  `updated_at` timestamp NULL DEFAULT NULL
) ENGINE=InnoDB DEFAULT CHARSET=utf8mb4 COLLATE=utf8mb4_unicode_ci;

-- --------------------------------------------------------

--
-- Table structure for table `microcontrollers`
--

CREATE TABLE `microcontrollers` (
  `id` bigint(20) UNSIGNED NOT NULL,
  `cooperative_id` bigint(20) UNSIGNED NOT NULL,
  `name` varchar(255) NOT NULL,
  `manufacturer` varchar(255) NOT NULL,
  `architecture` varchar(255) NOT NULL,
  `clock_speed` int(10) UNSIGNED NOT NULL,
  `flash_memory_size` int(10) UNSIGNED NOT NULL,
  `ram_size` int(10) UNSIGNED NOT NULL,
  `pin_count` tinyint(3) UNSIGNED NOT NULL,
  `price` decimal(8,2) NOT NULL,
  `stock` int(11) NOT NULL,
  `created_at` timestamp NULL DEFAULT NULL,
  `updated_at` timestamp NULL DEFAULT NULL
) ENGINE=InnoDB DEFAULT CHARSET=utf8mb4 COLLATE=utf8mb4_unicode_ci;

--
-- Dumping data for table `microcontrollers`
--

INSERT INTO `microcontrollers` (`id`, `cooperative_id`, `name`, `manufacturer`, `architecture`, `clock_speed`, `flash_memory_size`, `ram_size`, `pin_count`, `price`, `stock`, `created_at`, `updated_at`) VALUES
(1, 1, 'Node', 'Mcu', '45dja', 19, 19, 4, 12, 123.00, 12, '2023-11-23 20:14:27', '2023-11-23 20:14:27');

-- --------------------------------------------------------

--
-- Table structure for table `migrations`
--

CREATE TABLE `migrations` (
  `id` int(10) UNSIGNED NOT NULL,
  `migration` varchar(255) NOT NULL,
  `batch` int(11) NOT NULL
) ENGINE=InnoDB DEFAULT CHARSET=utf8mb4 COLLATE=utf8mb4_unicode_ci;

--
-- Dumping data for table `migrations`
--

INSERT INTO `migrations` (`id`, `migration`, `batch`) VALUES
(1, '2019_12_14_000001_create_personal_access_tokens_table', 1),
(2, '2014_10_12_000000_create_users_table', 2),
(3, '2014_10_12_100000_create_password_resets_table', 2),
(4, '2019_08_19_000000_create_failed_jobs_table', 2),
(5, '2022_12_02_160035_create_permission_tables', 3),
(6, '2023_01_14_200600_create_messages_table', 4),
(7, '2023_01_25_080615_create_notifications_table', 5),
(8, '2023_02_08_184110_create_profiles_table', 6),
(9, '2023_02_21_094452_add_sstatus_column_in_users_table', 7),
(10, '2023_03_21_183922_create_plantings_table', 8),
(11, '2023_03_23_165958_create_provinces_table', 9),
(12, '2023_03_23_182823_create_districts_table', 10),
(13, '2023_03_28_101812_create_locations_table', 11),
(14, '2023_03_29_080008_create_cooperatives_table', 12),
(15, '2023_04_03_113707_create_sectors_table', 13),
(16, '2023_04_03_131435_create_cells_table', 14),
(17, '2023_04_03_134723_create_vilages_table', 15),
(18, '2023_04_05_135116_create_users_and_co_operatives_table', 16),
(19, '2023_04_06_082612_create_cooperative_user_table', 17),
(20, '2023_04_10_190016_create_members_table', 18),
(21, '2023_04_21_051834_create_microcontrollers_table', 19),
(22, '2023_04_22_093814_create_worms_table', 20),
(23, '2023_07_03_144752_create_activity_log_table', 21),
(24, '2023_07_03_144753_add_event_column_to_activity_log_table', 22),
(25, '2023_07_03_144754_add_batch_uuid_column_to_activity_log_table', 23);

-- --------------------------------------------------------

--
-- Table structure for table `model_has_permissions`
--

CREATE TABLE `model_has_permissions` (
  `permission_id` bigint(20) UNSIGNED NOT NULL,
  `model_type` varchar(255) NOT NULL,
  `model_id` bigint(20) UNSIGNED NOT NULL
) ENGINE=InnoDB DEFAULT CHARSET=utf8mb4 COLLATE=utf8mb4_unicode_ci;

-- --------------------------------------------------------

--
-- Table structure for table `model_has_roles`
--

CREATE TABLE `model_has_roles` (
  `role_id` bigint(20) UNSIGNED NOT NULL,
  `model_type` varchar(255) NOT NULL,
  `model_id` bigint(20) UNSIGNED NOT NULL
) ENGINE=InnoDB DEFAULT CHARSET=utf8mb4 COLLATE=utf8mb4_unicode_ci;

--
-- Dumping data for table `model_has_roles`
--

INSERT INTO `model_has_roles` (`role_id`, `model_type`, `model_id`) VALUES
(2, 'App\\Models\\User', 7),
(3, 'App\\Models\\User', 9);

-- --------------------------------------------------------

--
-- Table structure for table `notifications`
--

CREATE TABLE `notifications` (
  `id` char(36) NOT NULL,
  `type` varchar(255) NOT NULL,
  `notifiable_type` varchar(255) NOT NULL,
  `notifiable_id` bigint(20) UNSIGNED NOT NULL,
  `data` text NOT NULL,
  `read_at` timestamp NULL DEFAULT NULL,
  `created_at` timestamp NULL DEFAULT NULL,
  `updated_at` timestamp NULL DEFAULT NULL
) ENGINE=InnoDB DEFAULT CHARSET=utf8mb4 COLLATE=utf8mb4_unicode_ci;

-- --------------------------------------------------------

--
-- Table structure for table `password_resets`
--

CREATE TABLE `password_resets` (
  `email` varchar(255) NOT NULL,
  `token` varchar(255) NOT NULL,
  `created_at` timestamp NULL DEFAULT NULL
) ENGINE=InnoDB DEFAULT CHARSET=utf8mb4 COLLATE=utf8mb4_unicode_ci;

-- --------------------------------------------------------

--
-- Table structure for table `permissions`
--

CREATE TABLE `permissions` (
  `id` bigint(20) UNSIGNED NOT NULL,
  `name` varchar(255) NOT NULL,
  `guard_name` varchar(255) NOT NULL,
  `created_at` timestamp NULL DEFAULT NULL,
  `updated_at` timestamp NULL DEFAULT NULL
) ENGINE=InnoDB DEFAULT CHARSET=utf8mb4 COLLATE=utf8mb4_unicode_ci;

--
-- Dumping data for table `permissions`
--

INSERT INTO `permissions` (`id`, `name`, `guard_name`, `created_at`, `updated_at`) VALUES
(25, 'view-users-admin', 'web', '2023-07-03 13:51:12', '2023-07-03 13:51:12'),
(26, 'view-users-province', 'web', '2023-07-03 13:51:12', '2023-07-03 13:51:12'),
(27, 'view-users-districts', 'web', '2023-07-03 13:51:12', '2023-07-03 13:51:12'),
(28, 'view-users-sector', 'web', '2023-07-03 13:51:12', '2023-07-03 13:51:12'),
(29, 'view-bins-admin', 'web', '2023-07-03 13:51:12', '2023-07-03 13:51:12'),
(30, 'view-bins-province', 'web', '2023-07-03 13:51:12', '2023-07-03 13:51:12'),
(31, 'view-bins-districts', 'web', '2023-07-03 13:51:12', '2023-07-03 13:51:12'),
(32, 'view-bins-sector', 'web', '2023-07-03 13:51:12', '2023-07-03 13:51:12'),
(33, 'view-bins-cell', 'web', '2023-07-03 13:51:12', '2023-07-03 13:51:12'),
(34, 'view-binconditions', 'web', '2023-07-03 13:51:12', '2023-07-03 13:51:12'),
(35, 'create-binconditions', 'web', '2023-07-03 13:51:12', '2023-07-03 13:51:12'),
(36, 'edit-binconditions', 'web', '2023-07-03 13:51:12', '2023-07-03 13:51:12'),
(37, 'delete-binconditions', 'web', '2023-07-03 13:51:12', '2023-07-03 13:51:12'),
(38, 'view-bin_locations', 'web', '2023-07-03 13:51:12', '2023-07-03 13:51:12'),
(39, 'create-bin_locations', 'web', '2023-07-03 13:51:12', '2023-07-03 13:51:12'),
(40, 'edit-bin_locations', 'web', '2023-07-03 13:51:12', '2023-07-03 13:51:12'),
(41, 'delete-bin_locations', 'web', '2023-07-03 13:51:12', '2023-07-03 13:51:12'),
(42, 'view-roles-admin', 'web', '2023-07-03 13:51:12', '2023-07-03 13:51:12'),
(43, 'view-roles-province', 'web', '2023-07-03 13:51:12', '2023-07-03 13:51:12'),
(44, 'view-roles-districts', 'web', '2023-07-03 13:51:12', '2023-07-03 13:51:12'),
(45, 'view-roles-sector', 'web', '2023-07-03 13:51:12', '2023-07-03 13:51:12'),
(46, 'view-roles-cell', 'web', '2023-07-03 13:51:12', '2023-07-03 13:51:12'),
(47, 'view-co-operatives', 'web', '2023-07-03 13:51:12', '2023-07-03 13:51:12'),
(48, 'view-co-operative', 'web', '2023-07-03 13:51:12', '2023-07-03 13:51:12');

-- --------------------------------------------------------

--
-- Table structure for table `personal_access_tokens`
--

CREATE TABLE `personal_access_tokens` (
  `id` bigint(20) UNSIGNED NOT NULL,
  `tokenable_type` varchar(255) NOT NULL,
  `tokenable_id` bigint(20) UNSIGNED NOT NULL,
  `name` varchar(255) NOT NULL,
  `token` varchar(64) NOT NULL,
  `abilities` text DEFAULT NULL,
  `last_used_at` timestamp NULL DEFAULT NULL,
  `expires_at` timestamp NULL DEFAULT NULL,
  `created_at` timestamp NULL DEFAULT NULL,
  `updated_at` timestamp NULL DEFAULT NULL
) ENGINE=InnoDB DEFAULT CHARSET=utf8mb4 COLLATE=utf8mb4_unicode_ci;

-- --------------------------------------------------------

--
-- Table structure for table `plantings`
--

CREATE TABLE `plantings` (
  `id` bigint(20) UNSIGNED NOT NULL,
  `bin_id` bigint(20) UNSIGNED NOT NULL,
  `status` tinyint(4) NOT NULL DEFAULT 0,
  `wormQuantity` int(11) NOT NULL,
  `WasteQuantity` int(11) NOT NULL,
  `ExpectedCompostQuantity` int(11) NOT NULL,
  `created_at` timestamp NULL DEFAULT NULL,
  `updated_at` timestamp NULL DEFAULT NULL
) ENGINE=InnoDB DEFAULT CHARSET=utf8mb4 COLLATE=utf8mb4_unicode_ci;

-- --------------------------------------------------------

--
-- Table structure for table `profiles`
--

CREATE TABLE `profiles` (
  `id` bigint(20) UNSIGNED NOT NULL,
  `user_id` bigint(20) UNSIGNED NOT NULL,
  `firstName` varchar(255) NOT NULL,
  `secondName` varchar(255) NOT NULL,
  `profilePic` varchar(255) NOT NULL,
  `phoneNumber` int(11) NOT NULL,
  `gender` varchar(255) NOT NULL,
  `Description` varchar(255) NOT NULL,
  `created_at` timestamp NULL DEFAULT NULL,
  `updated_at` timestamp NULL DEFAULT NULL
) ENGINE=InnoDB DEFAULT CHARSET=utf8mb4 COLLATE=utf8mb4_unicode_ci;

-- --------------------------------------------------------

--
-- Table structure for table `provinces`
--

CREATE TABLE `provinces` (
  `id` bigint(20) UNSIGNED NOT NULL,
  `provincecode` int(11) NOT NULL,
  `provincename` varchar(255) NOT NULL
) ENGINE=InnoDB DEFAULT CHARSET=utf8mb4 COLLATE=utf8mb4_unicode_ci;

--
-- Dumping data for table `provinces`
--

INSERT INTO `provinces` (`id`, `provincecode`, `provincename`) VALUES
(1, 1, 'Kigali City'),
(2, 2, 'South Provice'),
(3, 3, 'Wester Provice'),
(4, 4, 'NorthProvice'),
(5, 5, 'East  Provice');

-- --------------------------------------------------------

--
-- Table structure for table `roles`
--

CREATE TABLE `roles` (
  `id` bigint(20) UNSIGNED NOT NULL,
  `name` varchar(255) NOT NULL,
  `guard_name` varchar(255) NOT NULL,
  `created_at` timestamp NULL DEFAULT NULL,
  `updated_at` timestamp NULL DEFAULT NULL
) ENGINE=InnoDB DEFAULT CHARSET=utf8mb4 COLLATE=utf8mb4_unicode_ci;

--
-- Dumping data for table `roles`
--

INSERT INTO `roles` (`id`, `name`, `guard_name`, `created_at`, `updated_at`) VALUES
(2, 'Admin', 'web', '2023-07-03 13:57:53', '2023-07-03 13:57:53'),
(3, 'Manager', 'web', '2023-07-05 17:04:35', '2023-07-05 17:04:35');

-- --------------------------------------------------------

--
-- Table structure for table `role_has_permissions`
--

CREATE TABLE `role_has_permissions` (
  `permission_id` bigint(20) UNSIGNED NOT NULL,
  `role_id` bigint(20) UNSIGNED NOT NULL
) ENGINE=InnoDB DEFAULT CHARSET=utf8mb4 COLLATE=utf8mb4_unicode_ci;

--
-- Dumping data for table `role_has_permissions`
--

INSERT INTO `role_has_permissions` (`permission_id`, `role_id`) VALUES
(25, 2),
(26, 2),
(27, 2),
(28, 2),
(29, 2),
(30, 2),
(31, 2),
(32, 2),
(33, 2),
(34, 2),
(35, 2),
(36, 2),
(37, 2),
(38, 2),
(39, 2),
(40, 2),
(41, 2),
(42, 2),
(43, 2),
(44, 2),
(45, 2),
(46, 2),
(47, 2),
(48, 3);

-- --------------------------------------------------------

--
-- Table structure for table `sectors`
--

CREATE TABLE `sectors` (
  `id` bigint(20) UNSIGNED NOT NULL,
  `sectorcode` int(11) NOT NULL,
  `namesector` varchar(255) NOT NULL,
  `districtcode` bigint(20) UNSIGNED NOT NULL
) ENGINE=InnoDB DEFAULT CHARSET=utf8mb4 COLLATE=utf8mb4_unicode_ci;

--
-- Dumping data for table `sectors`
--

INSERT INTO `sectors` (`id`, `sectorcode`, `namesector`, `districtcode`) VALUES
(1, 10100, '-- Select Sectors --', 101),
(2, 10101, 'Gitega', 101),
(3, 10102, 'Kanyinya', 101),
(4, 10103, 'Kigali', 101),
(5, 10104, 'Kimisagara', 101),
(6, 10105, 'Mageragere', 101),
(7, 10106, 'Muhima', 101),
(8, 10107, 'Nyakabanda', 101),
(9, 10108, 'Nyamirambo', 101),
(10, 10109, 'Nyarugenge', 101),
(11, 10110, 'Rwezamenyo', 101),
(12, 10200, '-- Select Sectors --', 102),
(13, 10201, 'Bumbogo', 102),
(14, 10202, 'Gatsata', 102),
(15, 10203, 'Gikomero', 102),
(16, 10204, 'Gisozi', 102),
(17, 10205, 'Jabana', 102),
(18, 10206, 'Jali', 102),
(19, 10207, 'Kacyiru', 102),
(20, 10208, 'Kimihurura', 102),
(21, 10209, 'Kimironko', 102),
(22, 10210, 'Kinyinya', 102),
(23, 10211, 'Ndera', 102),
(24, 10212, 'Nduba', 102),
(25, 10213, 'Remera', 102),
(26, 10214, 'Rusororo', 102),
(27, 10215, 'Rutunga', 102),
(28, 10300, '-- Select Sectors --', 103),
(29, 10301, 'Gahanga', 103),
(30, 10302, 'Gatenga', 103),
(31, 10303, 'Gikondo', 103),
(32, 10304, 'Kagarama', 103),
(33, 10305, 'Kanombe', 103),
(34, 10306, 'Kicukiro', 103),
(35, 10307, 'Kigarama', 103),
(36, 10308, 'Masaka', 103),
(37, 10309, 'Niboye', 103),
(38, 10310, 'Nyarugunga', 103),
(39, 20100, '-- Select Sectors --', 201),
(40, 20101, 'Busasamana', 201),
(41, 20102, 'Busoro', 201),
(42, 20103, 'Cyabakamyi', 201),
(43, 20104, 'Kibilizi', 201),
(44, 20105, 'Kigoma', 201),
(45, 20106, 'Mukingo', 201),
(46, 20107, 'Muyira', 201),
(47, 20108, 'Ntyazo', 201),
(48, 20109, 'Nyagisozi', 201),
(49, 20110, 'Rwabicuma', 201),
(50, 20200, '-- Select Sectors --', 202),
(51, 20201, 'Gikonko', 202),
(52, 20202, 'Gishubi', 202),
(53, 20203, 'Kansi', 202),
(54, 20204, 'Kibirizi', 202),
(55, 20205, 'Kigembe', 202),
(56, 20206, 'Mamba', 202),
(57, 20207, 'Muganza', 202),
(58, 20208, 'Mugombwa', 202),
(59, 20209, 'Mukindo', 202),
(60, 20210, 'Musha', 202),
(61, 20211, 'Ndora', 202),
(62, 20212, 'Nyanza', 202),
(63, 20213, 'Save', 202),
(64, 20300, '-- Select Sectors --', 203),
(65, 20301, 'Busanze', 203),
(66, 20302, 'Cyahinda', 203),
(67, 20303, 'Kibeho', 203),
(68, 20304, 'Kivu', 203),
(69, 20305, 'Mata', 203),
(70, 20306, 'Muganza', 203),
(71, 20307, 'Munini', 203),
(72, 20308, 'Ngera', 203),
(73, 20309, 'Ngoma', 203),
(74, 20310, 'Nyabimata', 203),
(75, 20311, 'Nyagisozi', 203),
(76, 20312, 'Ruheru', 203),
(77, 20313, 'Ruramba', 203),
(78, 20314, 'Rusenge', 203),
(79, 20400, '-- Select Sectors --', 204),
(80, 20401, 'Gishamvu', 204),
(81, 20402, 'Huye', 204),
(82, 20403, 'Karama', 204),
(83, 20404, 'Kigoma', 204),
(84, 20405, 'Kinazi', 204),
(85, 20406, 'Maraba', 204),
(86, 20407, 'Mbazi', 204),
(87, 20408, 'Mukura', 204),
(88, 20409, 'Ngoma', 204),
(89, 20410, 'Ruhashya', 204),
(90, 20411, 'Rusatira', 204),
(91, 20412, 'Rwaniro', 204),
(92, 20413, 'Simbi', 204),
(93, 20414, 'Tumba', 204),
(94, 20500, '-- Select Sectors --', 205),
(95, 20501, 'Buruhukiro', 205),
(96, 20502, 'Cyanika', 205),
(97, 20503, 'Gasaka', 205),
(98, 20504, 'Gatare', 205),
(99, 20505, 'Kaduha', 205),
(100, 20506, 'Kamegeri', 205),
(101, 20507, 'Kibirizi', 205),
(102, 20508, 'Kibumbwe', 205),
(103, 20509, 'Kitabi', 205),
(104, 20510, 'Mbazi', 205),
(105, 20511, 'Mugano', 205),
(106, 20512, 'Musange', 205),
(107, 20513, 'Musebeya', 205),
(108, 20514, 'Mushubi', 205),
(109, 20515, 'Nkomane', 205),
(110, 20516, 'Tare', 205),
(111, 20517, 'Uwinkingi', 205),
(112, 20600, '-- Select Sectors --', 206),
(113, 20601, 'Bweramana', 206),
(114, 20602, 'Byimana', 206),
(115, 20603, 'Kabagali', 206),
(116, 20604, 'Kinazi', 206),
(117, 20605, 'Kinihira', 206),
(118, 20606, 'Mbuye', 206),
(119, 20607, 'Mwendo', 206),
(120, 20608, 'Ntongwe', 206),
(121, 20609, 'Ruhango', 206),
(122, 20700, '-- Select Sectors --', 207),
(123, 20701, 'Cyeza', 207),
(124, 20702, 'Kabacuzi', 207),
(125, 20703, 'Kibangu', 207),
(126, 20704, 'Kiyumba', 207),
(127, 20705, 'Muhanga', 207),
(128, 20706, 'Mushishiro', 207),
(129, 20707, 'Nyabinoni', 207),
(130, 20708, 'Nyamabuye', 207),
(131, 20709, 'Nyarusange', 207),
(132, 20710, 'Rongi', 207),
(133, 20711, 'Rugendabari', 207),
(134, 20712, 'Shyogwe', 207),
(135, 20800, '-- Select Sectors --', 208),
(136, 20801, 'Gacurabwenge', 208),
(137, 20802, 'Karama', 208),
(138, 20803, 'Kayenzi', 208),
(139, 20804, 'Kayumbu', 208),
(140, 20805, 'Mugina', 208),
(141, 20806, 'Musambira', 208),
(142, 20807, 'Ngamba', 208),
(143, 20808, 'Nyamiyaga', 208),
(144, 20809, 'Nyarubaka', 208),
(145, 20810, 'Rugarika', 208),
(146, 20811, 'Rukoma', 208),
(147, 20812, 'Runda', 208),
(148, 30100, '-- Select Sectors --', 301),
(149, 30101, 'Bwishyura', 301),
(150, 30102, 'Gashari', 301),
(151, 30103, 'Gishyita', 301),
(152, 30104, 'Gitesi', 301),
(153, 30105, 'Mubuga', 301),
(154, 30106, 'Murambi', 301),
(155, 30107, 'Murundi', 301),
(156, 30108, 'Mutuntu', 301),
(157, 30109, 'Rubengera', 301),
(158, 30110, 'Rugabano', 301),
(159, 30111, 'Ruganda', 301),
(160, 30112, 'Rwankuba', 301),
(161, 30113, 'Twumba', 301),
(162, 30200, '-- Select Sectors --', 302),
(163, 30201, 'Boneza', 302),
(164, 30202, 'Gihango', 302),
(165, 30203, 'Kigeyo', 302),
(166, 30204, 'Kivumu', 302),
(167, 30205, 'Manihira', 302),
(168, 30206, 'Mukura', 302),
(169, 30207, 'Murunda', 302),
(170, 30208, 'Musasa', 302),
(171, 30209, 'Mushonyi', 302),
(172, 30210, 'Mushubati', 302),
(173, 30211, 'Nyabirasi', 302),
(174, 30212, 'Ruhango', 302),
(175, 30213, 'Rusebeya', 302),
(176, 30300, '-- Select Sectors --', 303),
(177, 30301, 'Bugeshi', 303),
(178, 30302, 'Busasamana', 303),
(179, 30303, 'Cyanzarwe', 303),
(180, 30304, 'Gisenyi', 303),
(181, 30305, 'Kanama', 303),
(182, 30306, 'Kanzenze', 303),
(183, 30307, 'Mudende', 303),
(184, 30308, 'Nyakiriba', 303),
(185, 30309, 'Nyamyumba', 303),
(186, 30310, 'Nyundo', 303),
(187, 30311, 'Rubavu', 303),
(188, 30312, 'Rugerero', 303),
(189, 30400, '-- Select Sectors --', 304),
(190, 30401, 'Bigogwe', 304),
(191, 30402, 'Jenda', 304),
(192, 30403, 'Jomba', 304),
(193, 30404, 'Kabatwa', 304),
(194, 30405, 'Karago', 304),
(195, 30406, 'Kintobo', 304),
(196, 30407, 'Mukamira', 304),
(197, 30408, 'Muringa', 304),
(198, 30409, 'Rambura', 304),
(199, 30410, 'Rugera', 304),
(200, 30411, 'Rurembo', 304),
(201, 30412, 'Shyira', 304),
(202, 30500, '-- Select Sectors --', 305),
(203, 30501, 'BWIRA', 305),
(204, 30502, 'GATUMBA', 305),
(205, 30503, 'HINDIRO', 305),
(206, 30504, 'KABAYA', 305),
(207, 30505, 'KAGEYO', 305),
(208, 30506, 'KAVUMU', 305),
(209, 30507, 'MATYAZO', 305),
(210, 30508, 'MUHANDA', 305),
(211, 30509, 'MUHORORO', 305),
(212, 30510, 'NDARO', 305),
(213, 30511, 'NGORORERO', 305),
(214, 30512, 'NYANGE', 305),
(215, 30513, 'SOVU', 305),
(216, 30600, '-- Select Sectors --', 306),
(217, 30601, 'Bugarama', 306),
(218, 30602, 'Butare', 306),
(219, 30603, 'Bweyeye', 306),
(220, 30604, 'Gashonga', 306),
(221, 30605, 'Giheke', 306),
(222, 30606, 'Gihundwe', 306),
(223, 30607, 'Gikundamvura', 306),
(224, 30608, 'Gitambi', 306),
(225, 30609, 'Kamembe', 306),
(226, 30610, 'Muganza', 306),
(227, 30611, 'Mururu', 306),
(228, 30612, 'Nkanka', 306),
(229, 30613, 'Nkombo', 306),
(230, 30614, 'Nkungu', 306),
(231, 30615, 'Nyakabuye', 306),
(232, 30616, 'Nyakarenzo', 306),
(233, 30617, 'Nzahaha', 306),
(234, 30618, 'Rwimbogo', 306),
(235, 30700, '-- Select Sectors --', 307),
(236, 30701, 'Bushekeri', 307),
(237, 30702, 'Bushenge', 307),
(238, 30703, 'Cyato', 307),
(239, 30704, 'Gihombo', 307),
(240, 30705, 'Kagano', 307),
(241, 30706, 'Kanjongo', 307),
(242, 30707, 'Karambi', 307),
(243, 30708, 'Karengera', 307),
(244, 30709, 'Kirimbi', 307),
(245, 30710, 'Macuba', 307),
(246, 30711, 'Mahembe', 307),
(247, 30712, 'Nyabitekeri', 307),
(248, 30713, 'Rangiro', 307),
(249, 30714, 'Ruharambuga', 307),
(250, 30715, 'Shangi', 307),
(251, 40100, '-- Select Sectors --', 401),
(252, 40101, 'BASE', 401),
(253, 40102, 'BUREGA', 401),
(254, 40103, 'BUSHOKI', 401),
(255, 40104, 'BUYOGA', 401),
(256, 40105, 'CYINZUZI', 401),
(257, 40106, 'CYUNGO', 401),
(258, 40107, 'KINIHIRA', 401),
(259, 40108, 'KISARO', 401),
(260, 40109, 'MASORO', 401),
(261, 40110, 'MBOGO', 401),
(262, 40111, 'MURAMBI', 401),
(263, 40112, 'NGOMA', 401),
(264, 40113, 'NTARABANA', 401),
(265, 40114, 'RUKOZO', 401),
(266, 40115, 'RUSIGA', 401),
(267, 40116, 'SHYORONGI', 401),
(268, 40117, 'TUMBA', 401),
(269, 40200, '-- Select Sectors --', 402),
(270, 40201, 'Busengo ', 402),
(271, 40202, 'Coko ', 402),
(272, 40203, 'Cyabingo ', 402),
(273, 40204, 'Gakenke ', 402),
(274, 40205, 'Gashenyi ', 402),
(275, 40206, 'Janja ', 402),
(276, 40207, 'Kamubuga ', 402),
(277, 40208, 'Karambo ', 402),
(278, 40209, 'Kivuruga ', 402),
(279, 40210, 'Mataba ', 402),
(280, 40211, 'Minazi ', 402),
(281, 40212, 'Mugunga ', 402),
(282, 40213, 'Muhondo ', 402),
(283, 40214, 'Muyongwe ', 402),
(284, 40215, 'Muzo ', 402),
(285, 40216, 'Nemba ', 402),
(286, 40217, 'Ruli ', 402),
(287, 40218, 'Rusasa ', 402),
(288, 40219, 'Rushashi ', 402),
(289, 40300, '-- Select Sectors --', 403),
(290, 40301, 'Busogo', 403),
(291, 40302, 'Cyuve', 403),
(292, 40303, 'Gacaca', 403),
(293, 40304, 'Gashaki', 403),
(294, 40305, 'Gataraga', 403),
(295, 40306, 'Kimonyi', 403),
(296, 40307, 'Kinigi', 403),
(297, 40308, 'Muhoza', 403),
(298, 40309, 'Muko', 403),
(299, 40310, 'Musanze', 403),
(300, 40311, 'Nkotsi', 403),
(301, 40312, 'Nyange', 403),
(302, 40313, 'Remera', 403),
(303, 40314, 'Rwaza', 403),
(304, 40315, 'Shingiro', 403),
(305, 40400, '-- Select Sectors --', 404),
(306, 40401, 'Bungwe', 404),
(307, 40402, 'Butaro', 404),
(308, 40403, 'Cyanika', 404),
(309, 40404, 'Cyeru', 404),
(310, 40405, 'Gahunga', 404),
(311, 40406, 'Gatebe', 404),
(312, 40407, 'Gitovu', 404),
(313, 40408, 'Kagogo', 404),
(314, 40409, 'Kinoni', 404),
(315, 40410, 'Kinyababa', 404),
(316, 40411, 'Kivuye', 404),
(317, 40412, 'Nemba', 404),
(318, 40413, 'Rugarama', 404),
(319, 40414, 'Rugengabari', 404),
(320, 40415, 'Ruhunde', 404),
(321, 40416, 'Rusarabuye', 404),
(322, 40417, 'Rwerere', 404),
(323, 40500, '-- Select Sectors --', 405),
(324, 40501, 'Bukure', 405),
(325, 40502, 'Bwisige', 405),
(326, 40503, 'Byumba', 405),
(327, 40504, 'Cyumba', 405),
(328, 40505, 'Giti', 405),
(329, 40506, 'Kageyo', 405),
(330, 40507, 'Kaniga', 405),
(331, 40508, 'Manyagiro', 405),
(332, 40509, 'Miyove', 405),
(333, 40510, 'Mukarange', 405),
(334, 40511, 'Muko', 405),
(335, 40512, 'Mutete', 405),
(336, 40513, 'Nyamiyaga', 405),
(337, 40514, 'Nyankenke', 405),
(338, 40515, 'Rubaya', 405),
(339, 40516, 'Rukomo', 405),
(340, 40517, 'Rushaki', 405),
(341, 40518, 'Rutare', 405),
(342, 40519, 'Ruvune', 405),
(343, 40520, 'Rwamiko', 405),
(344, 40521, 'Shangasha', 405),
(345, 50100, '-- Select Sectors --', 501),
(346, 50101, 'Fumbwe', 501),
(347, 50102, 'Gahengeri', 501),
(348, 50103, 'Gishali', 501),
(349, 50104, 'Karenge', 501),
(350, 50105, 'Kigabiro', 501),
(351, 50106, 'Muhazi', 501),
(352, 50107, 'Munyaga', 501),
(353, 50108, 'Munyiginya', 501),
(354, 50109, 'Musha', 501),
(355, 50110, 'Muyumbu', 501),
(356, 50111, 'Mwulire', 501),
(357, 50112, 'Nyakaliro', 501),
(358, 50113, 'Nzige', 501),
(359, 50114, 'Rubona', 501),
(360, 50200, '-- Select Sectors --', 502),
(361, 50201, 'GATUNDA', 502),
(362, 50202, 'KARAMA', 502),
(363, 50203, 'KARANGAZI', 502),
(364, 50204, 'KATABAGEMU', 502),
(365, 50205, 'KIYOMBE', 502),
(366, 50206, 'MATIMBA', 502),
(367, 50207, 'MIMURI', 502),
(368, 50208, 'MUKAMA', 502),
(369, 50209, 'MUSHERI', 502),
(370, 50210, 'NYAGATARE', 502),
(371, 50211, 'RUKOMO', 502),
(372, 50212, 'RWEMPASHA', 502),
(373, 50213, 'RWIMIYAGA', 502),
(374, 50214, 'TABAGWE', 502),
(375, 50300, '-- Select Sectors --', 503),
(376, 50301, 'Gasange', 503),
(377, 50302, 'Gatsibo', 503),
(378, 50303, 'Gitoki', 503),
(379, 50304, 'Kabarore', 503),
(380, 50305, 'Kageyo', 503),
(381, 50306, 'Kiramuruzi', 503),
(382, 50307, 'Kiziguro', 503),
(383, 50308, 'Muhura', 503),
(384, 50309, 'Murambi', 503),
(385, 50310, 'Ngarama', 503),
(386, 50311, 'Nyagihanga', 503),
(387, 50312, 'Remera', 503),
(388, 50313, 'Rugarama', 503),
(389, 50314, 'Rwimbogo', 503),
(390, 50400, '-- Select Sectors --', 504),
(391, 50401, 'Gahini', 504),
(392, 50402, 'Kabare', 504),
(393, 50403, 'Kabarondo', 504),
(394, 50404, 'Mukarange', 504),
(395, 50405, 'Murama', 504),
(396, 50406, 'Murundi', 504),
(397, 50407, 'Mwiri', 504),
(398, 50408, 'Ndego', 504),
(399, 50409, 'Nyamirama', 504),
(400, 50410, 'Rukara', 504),
(401, 50411, 'Ruramira', 504),
(402, 50412, 'Rwinkwavu', 504),
(403, 50500, '-- Select Sectors --', 505),
(404, 50501, 'Gahara', 505),
(405, 50502, 'Gatore', 505),
(406, 50503, 'Kigarama', 505),
(407, 50504, 'Kigina', 505),
(408, 50505, 'Kirehe', 505),
(409, 50506, 'Mahama', 505),
(410, 50507, 'Mpanga', 505),
(411, 50508, 'Musaza', 505),
(412, 50509, 'Mushikiri', 505),
(413, 50510, 'Nasho', 505),
(414, 50511, 'Nyamugari', 505),
(415, 50512, 'Nyarubuye', 505),
(416, 50600, '-- Select Sectors --', 506),
(417, 50601, 'Gashanda', 506),
(418, 50602, 'Jarama', 506),
(419, 50603, 'Karembo', 506),
(420, 50604, 'Kazo', 506),
(421, 50605, 'Kibungo', 506),
(422, 50606, 'Mugesera', 506),
(423, 50607, 'Murama', 506),
(424, 50608, 'Mutenderi', 506),
(425, 50609, 'Remera', 506),
(426, 50610, 'Rukira', 506),
(427, 50611, 'Rukumberi', 506),
(428, 50612, 'Rurenge', 506),
(429, 50613, 'Sake', 506),
(430, 50614, 'Zaza', 506),
(431, 50700, '-- Select Sectors --', 507),
(432, 50701, 'Gashora', 507),
(433, 50702, 'Juru', 507),
(434, 50703, 'Kamabuye', 507),
(435, 50704, 'Mareba', 507),
(436, 50705, 'Mayange', 507),
(437, 50706, 'Musenyi', 507),
(438, 50707, 'Mwogo', 507),
(439, 50708, 'Ngeruka', 507),
(440, 50709, 'Ntarama', 507),
(441, 50710, 'Nyamata', 507),
(442, 50711, 'Nyarugenge', 507),
(443, 50712, 'Ririma', 507),
(444, 50713, 'Ruhuha', 507),
(445, 50714, 'Rweru', 507),
(446, 50715, 'Shyara', 507);

-- --------------------------------------------------------

--
-- Table structure for table `users`
--

CREATE TABLE `users` (
  `id` bigint(20) UNSIGNED NOT NULL,
  `name` varchar(255) NOT NULL,
  `email` varchar(255) NOT NULL,
  `email_verified_at` timestamp NULL DEFAULT NULL,
  `password` varchar(255) NOT NULL,
  `status` tinyint(4) NOT NULL DEFAULT 0,
  `Roles` varchar(255) DEFAULT NULL,
  `remember_token` varchar(100) DEFAULT NULL,
  `created_at` timestamp NULL DEFAULT NULL,
  `updated_at` timestamp NULL DEFAULT NULL
) ENGINE=InnoDB DEFAULT CHARSET=utf8mb4 COLLATE=utf8mb4_unicode_ci;

--
-- Dumping data for table `users`
--

INSERT INTO `users` (`id`, `name`, `email`, `email_verified_at`, `password`, `status`, `Roles`, `remember_token`, `created_at`, `updated_at`) VALUES
(7, 'Kimenyi Honore', 'honore.kimenyi@gmail.com', NULL, '$2y$10$5MfRPIJFMIJqLGwDwUSr2ul9rtIV0wT0A0J9pQhZwnzgry/pQs1Ba', 1, 'Admin', NULL, '2023-07-03 13:57:53', '2023-07-03 13:57:53'),
(9, 'JohnDoe', 'JohnDoe@gmail.com', NULL, '$2y$10$OFLdxCXgXma4HLIK9AllfuRcedHTPqfRtVnWlPJ1nYF27eqZYnzyy', 1, 'Manager', NULL, '2023-07-05 17:09:42', '2023-07-06 19:07:45');

-- --------------------------------------------------------

--
-- Table structure for table `users_and_co_operatives`
--

CREATE TABLE `users_and_co_operatives` (
  `user_id` bigint(20) UNSIGNED NOT NULL,
  `cooperative_id` bigint(20) UNSIGNED NOT NULL
) ENGINE=InnoDB DEFAULT CHARSET=utf8mb4 COLLATE=utf8mb4_unicode_ci;

-- --------------------------------------------------------

--
-- Table structure for table `vilages`
--

CREATE TABLE `vilages` (
  `id` bigint(20) UNSIGNED NOT NULL,
  `CodeVillage` int(11) NOT NULL,
  `VillageName` varchar(255) NOT NULL,
  `codecell` bigint(20) UNSIGNED NOT NULL
) ENGINE=InnoDB DEFAULT CHARSET=utf8mb4 COLLATE=utf8mb4_unicode_ci;

-- --------------------------------------------------------

--
-- Table structure for table `worms`
--

CREATE TABLE `worms` (
  `id` bigint(20) UNSIGNED NOT NULL,
  `cooperative_id` bigint(20) UNSIGNED NOT NULL,
  `name` varchar(255) NOT NULL,
  `description` text DEFAULT NULL,
  `population` int(11) NOT NULL,
  `price` double(8,2) NOT NULL,
  `created_at` timestamp NULL DEFAULT NULL,
  `updated_at` timestamp NULL DEFAULT NULL
) ENGINE=InnoDB DEFAULT CHARSET=utf8mb4 COLLATE=utf8mb4_unicode_ci;

--
-- Dumping data for table `worms`
--

INSERT INTO `worms` (`id`, `cooperative_id`, `name`, `description`, `population`, `price`, `created_at`, `updated_at`) VALUES
(1, 1, 'redwiretg', 'redwrigel', 8, 123.00, '2023-11-23 20:15:10', '2023-11-23 20:15:10');

--
-- Indexes for dumped tables
--

--
-- Indexes for table `activity_log`
--
ALTER TABLE `activity_log`
  ADD PRIMARY KEY (`id`),
  ADD KEY `subject` (`subject_type`,`subject_id`),
  ADD KEY `causer` (`causer_type`,`causer_id`),
  ADD KEY `activity_log_log_name_index` (`log_name`);

--
-- Indexes for table `binconditions`
--
ALTER TABLE `binconditions`
  ADD PRIMARY KEY (`id`);

--
-- Indexes for table `bins`
--
ALTER TABLE `bins`
  ADD PRIMARY KEY (`id`);

--
-- Indexes for table `cells`
--
ALTER TABLE `cells`
  ADD PRIMARY KEY (`id`);

--
-- Indexes for table `cooperatives`
--
ALTER TABLE `cooperatives`
  ADD PRIMARY KEY (`id`),
  ADD UNIQUE KEY `cooperatives_co_operative_email_unique` (`co_operative_email`);

--
-- Indexes for table `cooperative_user`
--
ALTER TABLE `cooperative_user`
  ADD PRIMARY KEY (`user_id`,`cooperative_id`),
  ADD KEY `cooperative_user_cooperative_id_foreign` (`cooperative_id`);

--
-- Indexes for table `districts`
--
ALTER TABLE `districts`
  ADD PRIMARY KEY (`id`),
  ADD KEY `districts_provincecode_foreign` (`provincecode`);

--
-- Indexes for table `failed_jobs`
--
ALTER TABLE `failed_jobs`
  ADD PRIMARY KEY (`id`),
  ADD UNIQUE KEY `failed_jobs_uuid_unique` (`uuid`);

--
-- Indexes for table `harvestings`
--
ALTER TABLE `harvestings`
  ADD PRIMARY KEY (`id`),
  ADD KEY `harvestings_bin_id_foreign` (`bin_id`);

--
-- Indexes for table `locations`
--
ALTER TABLE `locations`
  ADD PRIMARY KEY (`id`),
  ADD KEY `locations_user_id_foreign` (`user_id`);

--
-- Indexes for table `members`
--
ALTER TABLE `members`
  ADD PRIMARY KEY (`id`),
  ADD UNIQUE KEY `members_email_unique` (`email`),
  ADD UNIQUE KEY `members_phonenumber_unique` (`phonenumber`),
  ADD KEY `members_cooperative_id_foreign` (`cooperative_id`);

--
-- Indexes for table `messages`
--
ALTER TABLE `messages`
  ADD PRIMARY KEY (`id`);

--
-- Indexes for table `microcontrollers`
--
ALTER TABLE `microcontrollers`
  ADD PRIMARY KEY (`id`),
  ADD KEY `microcontrollers_cooperative_id_foreign` (`cooperative_id`);

--
-- Indexes for table `migrations`
--
ALTER TABLE `migrations`
  ADD PRIMARY KEY (`id`);

--
-- Indexes for table `model_has_permissions`
--
ALTER TABLE `model_has_permissions`
  ADD PRIMARY KEY (`permission_id`,`model_id`,`model_type`),
  ADD KEY `model_has_permissions_model_id_model_type_index` (`model_id`,`model_type`);

--
-- Indexes for table `model_has_roles`
--
ALTER TABLE `model_has_roles`
  ADD PRIMARY KEY (`role_id`,`model_id`,`model_type`),
  ADD KEY `model_has_roles_model_id_model_type_index` (`model_id`,`model_type`);

--
-- Indexes for table `notifications`
--
ALTER TABLE `notifications`
  ADD PRIMARY KEY (`id`),
  ADD KEY `notifications_notifiable_type_notifiable_id_index` (`notifiable_type`,`notifiable_id`);

--
-- Indexes for table `password_resets`
--
ALTER TABLE `password_resets`
  ADD KEY `password_resets_email_index` (`email`);

--
-- Indexes for table `permissions`
--
ALTER TABLE `permissions`
  ADD PRIMARY KEY (`id`),
  ADD UNIQUE KEY `permissions_name_guard_name_unique` (`name`,`guard_name`);

--
-- Indexes for table `personal_access_tokens`
--
ALTER TABLE `personal_access_tokens`
  ADD PRIMARY KEY (`id`),
  ADD UNIQUE KEY `personal_access_tokens_token_unique` (`token`),
  ADD KEY `personal_access_tokens_tokenable_type_tokenable_id_index` (`tokenable_type`,`tokenable_id`);

--
-- Indexes for table `plantings`
--
ALTER TABLE `plantings`
  ADD PRIMARY KEY (`id`),
  ADD KEY `plantings_bin_id_foreign` (`bin_id`);

--
-- Indexes for table `profiles`
--
ALTER TABLE `profiles`
  ADD PRIMARY KEY (`id`),
  ADD KEY `profiles_user_id_foreign` (`user_id`);

--
-- Indexes for table `provinces`
--
ALTER TABLE `provinces`
  ADD PRIMARY KEY (`id`);

--
-- Indexes for table `roles`
--
ALTER TABLE `roles`
  ADD PRIMARY KEY (`id`),
  ADD UNIQUE KEY `roles_name_guard_name_unique` (`name`,`guard_name`);

--
-- Indexes for table `role_has_permissions`
--
ALTER TABLE `role_has_permissions`
  ADD PRIMARY KEY (`permission_id`,`role_id`),
  ADD KEY `role_has_permissions_role_id_foreign` (`role_id`);

--
-- Indexes for table `sectors`
--
ALTER TABLE `sectors`
  ADD PRIMARY KEY (`id`);

--
-- Indexes for table `users`
--
ALTER TABLE `users`
  ADD PRIMARY KEY (`id`),
  ADD UNIQUE KEY `users_email_unique` (`email`);

--
-- Indexes for table `users_and_co_operatives`
--
ALTER TABLE `users_and_co_operatives`
  ADD PRIMARY KEY (`user_id`,`cooperative_id`),
  ADD KEY `users_and_co_operatives_cooperative_id_foreign` (`cooperative_id`);

--
-- Indexes for table `vilages`
--
ALTER TABLE `vilages`
  ADD PRIMARY KEY (`id`);

--
-- Indexes for table `worms`
--
ALTER TABLE `worms`
  ADD PRIMARY KEY (`id`),
  ADD KEY `worms_cooperative_id_foreign` (`cooperative_id`);

--
-- AUTO_INCREMENT for dumped tables
--

--
-- AUTO_INCREMENT for table `activity_log`
--
ALTER TABLE `activity_log`
  MODIFY `id` bigint(20) UNSIGNED NOT NULL AUTO_INCREMENT, AUTO_INCREMENT=8;

--
-- AUTO_INCREMENT for table `binconditions`
--
ALTER TABLE `binconditions`
  MODIFY `id` bigint(20) UNSIGNED NOT NULL AUTO_INCREMENT;

--
-- AUTO_INCREMENT for table `bins`
--
ALTER TABLE `bins`
  MODIFY `id` bigint(20) UNSIGNED NOT NULL AUTO_INCREMENT, AUTO_INCREMENT=2;

--
-- AUTO_INCREMENT for table `cells`
--
ALTER TABLE `cells`
  MODIFY `id` bigint(20) UNSIGNED NOT NULL AUTO_INCREMENT, AUTO_INCREMENT=2564;

--
-- AUTO_INCREMENT for table `cooperatives`
--
ALTER TABLE `cooperatives`
  MODIFY `id` bigint(20) UNSIGNED NOT NULL AUTO_INCREMENT, AUTO_INCREMENT=3;

--
-- AUTO_INCREMENT for table `districts`
--
ALTER TABLE `districts`
  MODIFY `id` bigint(20) UNSIGNED NOT NULL AUTO_INCREMENT, AUTO_INCREMENT=106;

--
-- AUTO_INCREMENT for table `failed_jobs`
--
ALTER TABLE `failed_jobs`
  MODIFY `id` bigint(20) UNSIGNED NOT NULL AUTO_INCREMENT;

--
-- AUTO_INCREMENT for table `harvestings`
--
ALTER TABLE `harvestings`
  MODIFY `id` bigint(20) UNSIGNED NOT NULL AUTO_INCREMENT;

--
-- AUTO_INCREMENT for table `locations`
--
ALTER TABLE `locations`
  MODIFY `id` bigint(20) UNSIGNED NOT NULL AUTO_INCREMENT, AUTO_INCREMENT=5;

--
-- AUTO_INCREMENT for table `members`
--
ALTER TABLE `members`
  MODIFY `id` bigint(20) UNSIGNED NOT NULL AUTO_INCREMENT, AUTO_INCREMENT=2;

--
-- AUTO_INCREMENT for table `messages`
--
ALTER TABLE `messages`
  MODIFY `id` bigint(20) UNSIGNED NOT NULL AUTO_INCREMENT;

--
-- AUTO_INCREMENT for table `microcontrollers`
--
ALTER TABLE `microcontrollers`
  MODIFY `id` bigint(20) UNSIGNED NOT NULL AUTO_INCREMENT, AUTO_INCREMENT=2;

--
-- AUTO_INCREMENT for table `migrations`
--
ALTER TABLE `migrations`
  MODIFY `id` int(10) UNSIGNED NOT NULL AUTO_INCREMENT, AUTO_INCREMENT=26;

--
-- AUTO_INCREMENT for table `permissions`
--
ALTER TABLE `permissions`
  MODIFY `id` bigint(20) UNSIGNED NOT NULL AUTO_INCREMENT, AUTO_INCREMENT=49;

--
-- AUTO_INCREMENT for table `personal_access_tokens`
--
ALTER TABLE `personal_access_tokens`
  MODIFY `id` bigint(20) UNSIGNED NOT NULL AUTO_INCREMENT;

--
-- AUTO_INCREMENT for table `plantings`
--
ALTER TABLE `plantings`
  MODIFY `id` bigint(20) UNSIGNED NOT NULL AUTO_INCREMENT;

--
-- AUTO_INCREMENT for table `profiles`
--
ALTER TABLE `profiles`
  MODIFY `id` bigint(20) UNSIGNED NOT NULL AUTO_INCREMENT;

--
-- AUTO_INCREMENT for table `provinces`
--
ALTER TABLE `provinces`
  MODIFY `id` bigint(20) UNSIGNED NOT NULL AUTO_INCREMENT, AUTO_INCREMENT=6;

--
-- AUTO_INCREMENT for table `roles`
--
ALTER TABLE `roles`
  MODIFY `id` bigint(20) UNSIGNED NOT NULL AUTO_INCREMENT, AUTO_INCREMENT=4;

--
-- AUTO_INCREMENT for table `sectors`
--
ALTER TABLE `sectors`
  MODIFY `id` bigint(20) UNSIGNED NOT NULL AUTO_INCREMENT, AUTO_INCREMENT=447;

--
-- AUTO_INCREMENT for table `users`
--
ALTER TABLE `users`
  MODIFY `id` bigint(20) UNSIGNED NOT NULL AUTO_INCREMENT, AUTO_INCREMENT=10;

--
-- AUTO_INCREMENT for table `vilages`
--
ALTER TABLE `vilages`
  MODIFY `id` bigint(20) UNSIGNED NOT NULL AUTO_INCREMENT;

--
-- AUTO_INCREMENT for table `worms`
--
ALTER TABLE `worms`
  MODIFY `id` bigint(20) UNSIGNED NOT NULL AUTO_INCREMENT, AUTO_INCREMENT=2;

--
-- Constraints for dumped tables
--

--
-- Constraints for table `cooperative_user`
--
ALTER TABLE `cooperative_user`
  ADD CONSTRAINT `cooperative_user_cooperative_id_foreign` FOREIGN KEY (`cooperative_id`) REFERENCES `cooperatives` (`id`) ON DELETE CASCADE,
  ADD CONSTRAINT `cooperative_user_user_id_foreign` FOREIGN KEY (`user_id`) REFERENCES `users` (`id`) ON DELETE CASCADE;

--
-- Constraints for table `districts`
--
ALTER TABLE `districts`
  ADD CONSTRAINT `districts_provincecode_foreign` FOREIGN KEY (`provincecode`) REFERENCES `provinces` (`id`) ON DELETE CASCADE;

--
-- Constraints for table `harvestings`
--
ALTER TABLE `harvestings`
  ADD CONSTRAINT `harvestings_bin_id_foreign` FOREIGN KEY (`bin_id`) REFERENCES `bins` (`id`) ON DELETE CASCADE;

--
-- Constraints for table `locations`
--
ALTER TABLE `locations`
  ADD CONSTRAINT `locations_user_id_foreign` FOREIGN KEY (`user_id`) REFERENCES `users` (`id`) ON DELETE CASCADE;

--
-- Constraints for table `members`
--
ALTER TABLE `members`
  ADD CONSTRAINT `members_cooperative_id_foreign` FOREIGN KEY (`cooperative_id`) REFERENCES `cooperatives` (`id`) ON DELETE CASCADE;

--
-- Constraints for table `microcontrollers`
--
ALTER TABLE `microcontrollers`
  ADD CONSTRAINT `microcontrollers_cooperative_id_foreign` FOREIGN KEY (`cooperative_id`) REFERENCES `cooperatives` (`id`) ON DELETE CASCADE;

--
-- Constraints for table `model_has_permissions`
--
ALTER TABLE `model_has_permissions`
  ADD CONSTRAINT `model_has_permissions_permission_id_foreign` FOREIGN KEY (`permission_id`) REFERENCES `permissions` (`id`) ON DELETE CASCADE;

--
-- Constraints for table `model_has_roles`
--
ALTER TABLE `model_has_roles`
  ADD CONSTRAINT `model_has_roles_role_id_foreign` FOREIGN KEY (`role_id`) REFERENCES `roles` (`id`) ON DELETE CASCADE;

--
-- Constraints for table `plantings`
--
ALTER TABLE `plantings`
  ADD CONSTRAINT `plantings_bin_id_foreign` FOREIGN KEY (`bin_id`) REFERENCES `bins` (`id`) ON DELETE CASCADE;

--
-- Constraints for table `profiles`
--
ALTER TABLE `profiles`
  ADD CONSTRAINT `profiles_user_id_foreign` FOREIGN KEY (`user_id`) REFERENCES `users` (`id`) ON DELETE CASCADE;

--
-- Constraints for table `role_has_permissions`
--
ALTER TABLE `role_has_permissions`
  ADD CONSTRAINT `role_has_permissions_permission_id_foreign` FOREIGN KEY (`permission_id`) REFERENCES `permissions` (`id`) ON DELETE CASCADE,
  ADD CONSTRAINT `role_has_permissions_role_id_foreign` FOREIGN KEY (`role_id`) REFERENCES `roles` (`id`) ON DELETE CASCADE;

--
-- Constraints for table `users_and_co_operatives`
--
ALTER TABLE `users_and_co_operatives`
  ADD CONSTRAINT `users_and_co_operatives_cooperative_id_foreign` FOREIGN KEY (`cooperative_id`) REFERENCES `cooperatives` (`id`) ON DELETE CASCADE,
  ADD CONSTRAINT `users_and_co_operatives_user_id_foreign` FOREIGN KEY (`user_id`) REFERENCES `users` (`id`) ON DELETE CASCADE;

--
-- Constraints for table `worms`
--
ALTER TABLE `worms`
  ADD CONSTRAINT `worms_cooperative_id_foreign` FOREIGN KEY (`cooperative_id`) REFERENCES `cooperatives` (`id`) ON DELETE CASCADE;
COMMIT;

/*!40101 SET CHARACTER_SET_CLIENT=@OLD_CHARACTER_SET_CLIENT */;
/*!40101 SET CHARACTER_SET_RESULTS=@OLD_CHARACTER_SET_RESULTS */;
/*!40101 SET COLLATION_CONNECTION=@OLD_COLLATION_CONNECTION */;
